Year,Name,Event,Round,Scores
2017,J. Andre,Quiksilver Pro Gold Coast,Round 1,"['1.50', '1.87', '5.00', '4.37', '2.17', '4.23', '5.93', '0.27', '0.27', '5.53', '1.93']"
2017,M. Bourez,Quiksilver Pro Gold Coast,Round 1,"['5.67', '0.83', '0.43', '3.17', '4.07', '4.47', '4.60', '\xa0', '\xa0', '\xa0', '\xa0']"
2017,C. Coffin,Quiksilver Pro Gold Coast,Round 1,"['1.27', '4.00', '0.37', '2.73', '3.33', '0.83', '5.40', '\xa0', '\xa0', '\xa0', '\xa0']"
2017,M. Wilkinson,Quiksilver Pro Gold Coast,Round 1,"['6.17', '3.77', '1.70', '7.50', '2.83', '4.07', '\xa0']"
2017,S. Kennedy,Quiksilver Pro Gold Coast,Round 1,"['0.50', '2.50', '4.93', '0.37', '1.50', '3.90', '0.20']"
2017,I. Gouveia,Quiksilver Pro Gold Coast,Round 1,"['4.33', '0.70', '3.50', '0.43', '3.80', '0.33', '\xa0']"
2017,K. Andino,Quiksilver Pro Gold Coast,Round 1,"['4.00', '6.33', '0.30', '0.23', '0.37', '0.47', '5.00', '4.50', '0.20', '1.27']"
2017,J. Freestone,Quiksilver Pro Gold Coast,Round 1,"['3.33', '2.43', '7.17', '3.50', '\xa0', '\xa0', '\xa0', '\xa0', '\xa0', '\xa0']"
2017,K. Igarashi,Quiksilver Pro Gold Coast,Round 1,"['1.00', '0.67', '0.83', '0.60', '2.10', '\xa0', '\xa0', '\xa0', '\xa0', '\xa0']"
2017,G. Medina,Quiksilver Pro Gold Coast,Round 1,"['7.50', '0.27', '1.40', '7.83', '0.50', '2.73', '8.67']"
2017,W. Dantas,Quiksilver Pro Gold Coast,Round 1,"['4.83', '1.83', '2.93', '0.43', '6.07', '0.93', '0.80']"
2017,E. Lau,Quiksilver Pro Gold Coast,Round 1,"['4.50', '1.23', '5.40', '1.93', '5.30', '1.00', '\xa0']"
2017,J. Smith,Quiksilver Pro Gold Coast,Round 1,"['6.43', '0.67', '0.43', '5.50', '0.37', '0.93', '2.83', '2.43', '\xa0']"
2017,M. Pupo,Quiksilver Pro Gold Coast,Round 1,"['1.40', '0.83', '3.67', '3.50', '1.33', '8.10', '0.67', '0.37', '3.30']"
2017,N. Young,Quiksilver Pro Gold Coast,Round 1,"['6.33', '1.57', '0.33', '4.33', '0.37', '0.93', '1.77', '3.33', '\xa0']"
2017,J. Florence,Quiksilver Pro Gold Coast,Round 1,"['7.33', '0.90', '3.67', '8.50', '1.00', '8.33', '0.67']"
2017,M. Wright,Quiksilver Pro Gold Coast,Round 1,"['2.57', '1.50', '3.10', '5.33', '1.00', '7.67', '5.83']"
2017,C. O'Leary,Quiksilver Pro Gold Coast,Round 1,"['2.33', '3.90', '1.80', '4.30', '\xa0', '\xa0', '\xa0']"
2017,M. Fanning,Quiksilver Pro Gold Coast,Round 1,"['4.67', '6.10', '2.93', '7.17', '\xa0', '\xa0', '\xa0', '\xa0', '\xa0']"
2017,J. Flores,Quiksilver Pro Gold Coast,Round 1,"['2.00', '2.00', '5.13', '0.80', '7.33', '5.10', '5.80', '3.03', '\xa0']"
2017,K. Slater,Quiksilver Pro Gold Coast,Round 1,"['5.83', '4.63', '1.00', '3.67', '0.37', '5.37', '2.60', '1.00', '2.50']"
2017,J. Wilson,Quiksilver Pro Gold Coast,Round 1,"['2.00', '3.50', '7.00', '1.73', '8.67', '0.20', '2.33', '8.13', '\xa0']"
2017,L. Fioravanti,Quiksilver Pro Gold Coast,Round 1,"['1.00', '5.57', '2.57', '4.50', '0.43', '6.50', '0.20', '4.60', '\xa0']"
2017,C. Ibelli,Quiksilver Pro Gold Coast,Round 1,"['3.67', '2.60', '1.60', '4.00', '0.40', '0.37', '6.90', '3.70', '3.67']"
2017,J. Parkinson,Quiksilver Pro Gold Coast,Round 1,"['9.23', '0.40', '1.60', '7.17', '1.70', '1.00', '1.10', '3.60', '6.13', '0.93', '7.63']"
2017,J. Duru,Quiksilver Pro Gold Coast,Round 1,"['3.33', '0.90', '2.17', '1.63', '1.33', '8.07', '5.67', '3.67', '8.33', '\xa0', '\xa0']"
2017,I. Ferreira,Quiksilver Pro Gold Coast,Round 1,"['4.83', '0.87', '1.50', '6.83', '4.43', '0.23', '0.63', '0.43', '\xa0', '\xa0', '\xa0']"
2017,F. Morais,Quiksilver Pro Gold Coast,Round 1,"['6.33', '2.93', '8.73', '3.17', '6.97', '\xa0', '\xa0', '\xa0', '\xa0']"
2017,F. Toledo,Quiksilver Pro Gold Coast,Round 1,"['6.33', '4.67', '7.60', '0.50', '7.50', '5.07', '4.83', '1.00', '6.53']"
2017,A. Buchan,Quiksilver Pro Gold Coast,Round 1,"['3.33', '0.57', '7.43', '6.00', '0.50', '6.00', '0.93', '\xa0', '\xa0']"
2017,A. de Souza,Quiksilver Pro Gold Coast,Round 1,"['0.50', '7.00', '9.17', '5.30', '3.93', '\xa0', '\xa0', '\xa0', '\xa0']"
2017,B. Durbidge,Quiksilver Pro Gold Coast,Round 1,"['8.17', '0.50', '2.33', '7.27', '4.60', '2.33', '0.50', '2.17', '6.93']"
2017,J. Kerr,Quiksilver Pro Gold Coast,Round 1,"['0.87', '3.50', '2.07', '5.33', '0.50', '6.00', '1.27', '\xa0', '\xa0']"
2017,O. Wright,Quiksilver Pro Gold Coast,Round 1,"['1.00', '8.23', '6.27', '2.83', '8.60', '7.43']"
2017,E. Ewing,Quiksilver Pro Gold Coast,Round 1,"['9.10', '6.17', '0.37', '0.90', '\xa0', '\xa0']"
2017,S. Zietz,Quiksilver Pro Gold Coast,Round 1,"['6.33', '2.17', '5.87', '5.07', '\xa0', '\xa0']"
2017,M. Wright,Quiksilver Pro Gold Coast,Round 2,"['4.17', '6.67', '0.67', '7.50', '\xa0', '\xa0', '\xa0', '\xa0', '\xa0']"
2017,M. Bourez,Quiksilver Pro Gold Coast,Round 2,"['4.70', '1.57', '8.23', '3.60', '3.57', '0.27', '0.33', '2.67', '4.97']"
2017,K. Slater,Quiksilver Pro Gold Coast,Round 2,"['0.50', '0.37', '5.17', '0.37', '0.20', '7.00', '7.03', '0.93', '1.00', '0.30', '1.63']"
2017,N. Young,Quiksilver Pro Gold Coast,Round 2,"['3.50', '1.57', '6.17', '2.67', '1.60', '0.30', '6.77', '\xa0', '\xa0', '\xa0', '\xa0']"
2017,E. Lau,Quiksilver Pro Gold Coast,Round 2,"['5.33', '3.00', '0.30', '7.00', '\xa0', '\xa0', '\xa0', '\xa0']"
2017,F. Toledo,Quiksilver Pro Gold Coast,Round 2,"['0.27', '4.67', '1.00', '0.50', '5.07', '1.37', '6.70', '0.50']"
2017,S. Zietz,Quiksilver Pro Gold Coast,Round 2,"['2.50', '2.17', '6.73', '8.13', '2.60', '8.27', '6.33', '0.37', '4.40']"
2017,J. Freestone,Quiksilver Pro Gold Coast,Round 2,"['7.83', '6.17', '1.00', '0.50', '0.30', '4.17', '0.67', '\xa0', '\xa0']"
2017,I. Gouveia,Quiksilver Pro Gold Coast,Round 2,"['4.50', '0.20', '3.43', '0.43', '5.07', '6.50', '1.13', '4.27', '\xa0', '\xa0']"
2017,J. Kerr,Quiksilver Pro Gold Coast,Round 2,"['0.33', '3.73', '1.93', '2.53', '0.70', '6.37', '1.70', '0.43', '1.93', '0.57']"
2017,J. Flores,Quiksilver Pro Gold Coast,Round 2,"['6.83', '6.23', '2.93', '8.23', '7.77', '2.27']"
2017,A. Buchan,Quiksilver Pro Gold Coast,Round 2,"['0.70', '6.67', '3.60', '7.60', '8.37', '5.00']"
2017,I. Ferreira,Quiksilver Pro Gold Coast,Round 2,"['5.83', '5.17', '5.90', '7.83', '2.50', '2.13', '6.53', '10.00', '1.27', '0.30', '0.83', '0.87']"
2017,L. Fioravanti,Quiksilver Pro Gold Coast,Round 2,"['1.00', '3.00', '5.27', '1.77', '6.43', '4.10', '4.50', '\xa0', '\xa0', '\xa0', '\xa0', '\xa0']"
2017,C. Ibelli,Quiksilver Pro Gold Coast,Round 2,"['3.00', '5.67', '6.07', '0.50', '0.37', '8.70', '0.73', '1.00', '0.43', '8.10', '0.43', '3.67', '1.07']"
2017,J. Duru,Quiksilver Pro Gold Coast,Round 2,"['5.00', '2.50', '4.17', '0.43', '0.43', '0.43', '2.00', '5.53', '1.43', '\xa0', '\xa0', '\xa0', '\xa0']"
2017,C. Coffin,Quiksilver Pro Gold Coast,Round 2,"['5.17', '0.50', '4.33', '5.90', '0.33', '3.07', '5.00', '0.30', '2.27', '8.33']"
2017,B. Durbidge,Quiksilver Pro Gold Coast,Round 2,"['1.67', '0.27', '4.90', '6.43', '2.67', '0.43', '6.30', '5.30', '\xa0', '\xa0']"
2017,S. Kennedy,Quiksilver Pro Gold Coast,Round 2,"['3.07', '3.70', '9.10', '3.83', '0.50', '7.17', '4.40', '\xa0', '\xa0', '\xa0']"
2017,E. Ewing,Quiksilver Pro Gold Coast,Round 2,"['4.00', '0.50', '4.90', '1.00', '5.37', '2.83', '0.27', '0.43', '0.23', '8.00']"
2017,C. O'Leary,Quiksilver Pro Gold Coast,Round 2,"['0.67', '0.27', '7.00', '0.50', '2.00', '1.50', '4.50', '3.33', '0.33', '8.03']"
2017,K. Igarashi,Quiksilver Pro Gold Coast,Round 2,"['8.00', '0.50', '0.43', '5.67', '0.50', '1.00', '1.93', '2.23', '0.33', '\xa0']"
2017,M. Pupo,Quiksilver Pro Gold Coast,Round 2,"['1.50', '0.23', '6.67', '0.43', '3.50', '6.77', '1.30', '0.50', '9.00', '0.40']"
2017,W. Dantas,Quiksilver Pro Gold Coast,Round 2,"['4.50', '5.00', '6.33', '0.43', '6.77', '0.50', '3.23', '4.83', '\xa0', '\xa0']"
2017,K. Andino,Quiksilver Pro Gold Coast,Round 3,"['6.67', '1.57', '1.80', '6.27', '7.00', '0.33', '2.00', '6.87', '\xa0', '\xa0', '\xa0', '\xa0']"
2017,J. Andre,Quiksilver Pro Gold Coast,Round 3,"['5.17', '0.93', '5.47', '3.83', '3.07', '0.50', '0.67', '1.47', '2.97', '3.50', '1.00', '7.37']"
2017,A. de Souza,Quiksilver Pro Gold Coast,Round 3,"['0.33', '7.33', '1.53', '3.67', '5.17', '2.87', '7.60', '5.87', '2.73', '\xa0', '\xa0']"
2017,S. Kennedy,Quiksilver Pro Gold Coast,Round 3,"['0.50', '4.33', '1.00', '0.50', '1.57', '0.83', '6.00', '0.27', '0.73', '6.07', '2.90']"
2017,M. Wilkinson,Quiksilver Pro Gold Coast,Round 3,"['7.17', '1.43', '1.80', '6.70', '1.93', '7.93', '\xa0']"
2017,J. Flores,Quiksilver Pro Gold Coast,Round 3,"['6.77', '3.33', '0.50', '5.50', '1.83', '5.80', '7.83']"
2017,J. Parkinson,Quiksilver Pro Gold Coast,Round 3,"['7.00', '5.83', '3.33', '6.97', '9.67', '3.73', '7.57', '6.73']"
2017,M. Pupo,Quiksilver Pro Gold Coast,Round 3,"['1.50', '6.57', '6.97', '6.57', '2.33', '0.37', '3.00', '\xa0']"
2017,I. Ferreira,Quiksilver Pro Gold Coast,Round 3,"['9.77', '4.00', '0.77', '2.17', '1.50', '1.30', '4.83', '\xa0']"
2017,C. Ibelli,Quiksilver Pro Gold Coast,Round 3,"['3.17', '4.77', '0.50', '5.77', '5.33', '7.50', '2.77', '4.97']"
2017,J. Florence,Quiksilver Pro Gold Coast,Round 3,"['7.57', '4.10', '1.50', '5.17', '7.90', '\xa0']"
2017,M. Wright,Quiksilver Pro Gold Coast,Round 3,"['8.50', '0.87', '5.67', '1.07', '1.17', '0.50']"
2017,J. Smith,Quiksilver Pro Gold Coast,Round 3,"['8.50', '2.83', '1.10', '6.93', '8.80']"
2017,E. Lau,Quiksilver Pro Gold Coast,Round 3,"['1.67', '7.00', '5.50', '10.00', '1.50']"
2017,O. Wright,Quiksilver Pro Gold Coast,Round 3,"['7.00', '8.10', '2.67', '2.67', '2.67']"
2017,M. Fanning,Quiksilver Pro Gold Coast,Round 3,"['7.83', '5.00', '4.33', '7.17', '6.60']"
2017,C. O'Leary,Quiksilver Pro Gold Coast,Round 3,"['7.33', '2.27', '6.43', '7.60', '2.27', '\xa0', '\xa0', '\xa0', '\xa0']"
2017,J. Wilson,Quiksilver Pro Gold Coast,Round 3,"['5.17', '0.37', '1.00', '5.93', '0.87', '8.77', '5.80', '1.73', '2.37']"
2017,K. Slater,Quiksilver Pro Gold Coast,Round 3,"['4.33', '6.57', '6.33', '8.33', '0.93']"
2017,F. Morais,Quiksilver Pro Gold Coast,Round 3,"['5.17', '3.67', '6.00', '\xa0', '\xa0']"
2017,C. Coffin,Quiksilver Pro Gold Coast,Round 3,"['7.83', '5.33', '6.50', '0.37', '5.80', '\xa0', '\xa0', '\xa0', '\xa0', '\xa0', '\xa0']"
2017,S. Zietz,Quiksilver Pro Gold Coast,Round 3,"['0.50', '7.50', '0.50', '4.50', '1.00', '1.37', '0.27', '6.70', '3.77', '1.23', '6.10']"
2017,G. Medina,Quiksilver Pro Gold Coast,Round 3,"['8.83', '9.80', '9.20', '0.50', '3.73', '1.87']"
2017,I. Gouveia,Quiksilver Pro Gold Coast,Round 3,"['6.50', '7.33', '6.93', '2.50', '7.23', '\xa0']"
2017,M. Wilkinson,Quiksilver Pro Gold Coast,Round 4,"['1.50', '2.83', '3.83', '6.77', '8.60', '0.83', '0.57', '8.47', '\xa0']"
2017,A. de Souza,Quiksilver Pro Gold Coast,Round 4,"['7.50', '2.03', '6.63', '0.43', '7.47', '1.00', '2.53', '0.40', '0.70']"
2017,K. Andino,Quiksilver Pro Gold Coast,Round 4,"['1.00', '1.27', '0.50', '2.67', '5.83', '8.30', '0.63', '0.50 1', '\xa0']"
2017,J. Florence,Quiksilver Pro Gold Coast,Round 4,"['6.17', '3.17', '8.00', '1.00', '3.13', '3.23', '\xa0', '\xa0', '\xa0']"
2017,I. Ferreira,Quiksilver Pro Gold Coast,Round 4,"['1.50', '6.83', '0.20', '0.37', '4.03', '5.83', '0.63', '0.90', '6.27']"
2017,J. Parkinson,Quiksilver Pro Gold Coast,Round 4,"['4.33', '3.27', '0.20', '3.60', '3.63', '0.37', '5.40', '\xa0', '\xa0']"
2017,C. O'Leary,Quiksilver Pro Gold Coast,Round 4,"['6.67', '0.77', '4.10', '\xa0', '\xa0', '\xa0', '\xa0', '\xa0', '\xa0']"
2017,O. Wright,Quiksilver Pro Gold Coast,Round 4,"['0.63', '0.87', '5.93', '4.73', '\xa0', '\xa0', '\xa0', '\xa0', '\xa0']"
2017,J. Smith,Quiksilver Pro Gold Coast,Round 4,"['0.43', '2.70', '0.50', '3.50', '4.50', '3.17', '0.20', '1.17', '5.27']"
2017,G. Medina,Quiksilver Pro Gold Coast,Round 4,"['0.33', '0.43', '6.93', '2.10', '5.57', '0.50', '8.83', '5.53']"
2017,K. Slater,Quiksilver Pro Gold Coast,Round 4,"['7.17', '4.67', '4.90', '1.00', '0.70', '0.50', '\xa0', '\xa0']"
2017,C. Coffin,Quiksilver Pro Gold Coast,Round 4,"['6.67', '0.40', '4.50', '1.00', '4.00', '1.00', '\xa0', '\xa0']"
2017,J. Parkinson,Quiksilver Pro Gold Coast,Round 5,"['5.50', '4.67', '0.50', '0.50', '8.83', '0.37', '8.40', '3.07', '3.33']"
2017,A. de Souza,Quiksilver Pro Gold Coast,Round 5,"['0.90', '5.50', '6.93', '1.63', '2.07', '1.23', '0.93', '\xa0', '\xa0']"
2017,I. Ferreira,Quiksilver Pro Gold Coast,Round 5,"['6.33', '4.50', '0.30', '2.23', '6.47', '3.60', '3.13', '0.33', '4.10']"
2017,K. Andino,Quiksilver Pro Gold Coast,Round 5,"['0.33', '5.83', '1.77', '0.57', '0.97', '0.43', '3.07', '0.50', '4.73']"
2017,O. Wright,Quiksilver Pro Gold Coast,Round 5,"['2.00', '4.67', '7.83', '4.90', '6.93', '0.80', '\xa0', '\xa0', '\xa0', '\xa0']"
2017,C. Coffin,Quiksilver Pro Gold Coast,Round 5,"['0.83', '3.33', '2.50', '1.43', '5.67', '0.43', '5.00', '0.80', '0.90', '8.50']"
2017,K. Slater,Quiksilver Pro Gold Coast,Round 5,"['1.00', '3.50', '7.27', '6.33', '4.10', '7.43', '2.20', '1.50', '4.10']"
2017,J. Smith,Quiksilver Pro Gold Coast,Round 5,"['4.83', '2.60', '6.00', '6.07', '7.23', '2.57', '2.37', '\xa0', '\xa0']"
2017,M. Wilkinson,Quiksilver Pro Gold Coast,Quarterfinals,"['7.33', '7.67', '0.20', '5.33', '1.00', '\xa0', '\xa0', '\xa0', '\xa0', '\xa0', '\xa0']"
2017,J. Parkinson,Quiksilver Pro Gold Coast,Quarterfinals,"['2.00', '3.67', '1.50', '0.50', '0.20', '6.17', '0.67', '6.20', '0.30', '1.77', '3.10']"
2017,J. Florence,Quiksilver Pro Gold Coast,Quarterfinals,"['8.83', '2.67', '6.03', '0.57', '\xa0', '\xa0', '\xa0']"
2017,I. Ferreira,Quiksilver Pro Gold Coast,Quarterfinals,"['1.00', '2.83', '0.43', '0.53', '6.50', '0.23', '5.83']"
2017,O. Wright,Quiksilver Pro Gold Coast,Quarterfinals,"['0.50', '1.50', '1.00', '5.67', '2.00', '2.23', '7.33']"
2017,C. O'Leary,Quiksilver Pro Gold Coast,Quarterfinals,"['3.17', '2.90', '3.23', '0.90', '4.83', '6.93', '\xa0']"
2017,G. Medina,Quiksilver Pro Gold Coast,Quarterfinals,"['1.87', '0.63', '0.23', '5.17', '5.03', '4.47', '1.57', '1.77', '2.50', '0.40', '9.17']"
2017,K. Slater,Quiksilver Pro Gold Coast,Quarterfinals,"['1.33', '0.50', '0.37', '4.83', '6.33', '0.43', '3.00', '0.77', '4.90', '7.50', '\xa0']"
2017,M. Wilkinson,Quiksilver Pro Gold Coast,Semifinals,"['3.17', '0.27', '7.83', '1.13', '5.50', '8.07']"
2017,J. Florence,Quiksilver Pro Gold Coast,Semifinals,"['2.00', '9.50', '4.83', '6.00', '1.50', '4.27']"
2017,O. Wright,Quiksilver Pro Gold Coast,Semifinals,"['0.23', '7.17', '5.67', '0.33', '8.57', '1.33']"
2017,G. Medina,Quiksilver Pro Gold Coast,Semifinals,"['6.17', '1.10', '4.27', '1.30', '2.43', '0.83']"
2017,O. Wright,Quiksilver Pro Gold Coast,Finals,"['2.83', '5.00', '5.43', '6.33', '0.50', '8.33', '1.60']"
2017,M. Wilkinson,Quiksilver Pro Gold Coast,Finals,"['3.67', '0.50', '6.60', '5.30', '6.90', '2.53', '\xa0']"
2017,K. Slater,Drug Aware Margaret River Pro,Round 1,"['0.23', '4.17', '3.90', '0.17', '0.33']"
2017,M. Fanning,Drug Aware Margaret River Pro,Round 1,"['0.27', '3.17', '0.23', '3.50', '\xa0']"
2017,L. Fioravanti,Drug Aware Margaret River Pro,Round 1,"['1.00', '\xa0', '\xa0', '\xa0', '\xa0']"
2017,K. Andino,Drug Aware Margaret River Pro,Round 1,"['7.00', '1.77', '\xa0']"
2017,E. Lau,Drug Aware Margaret River Pro,Round 1,"['4.17', '2.83', '\xa0']"
2017,S. Kennedy,Drug Aware Margaret River Pro,Round 1,"['0.50', '0.43', '0.70']"
2017,J. Freestone,Drug Aware Margaret River Pro,Round 1,"['3.00', '0.70', '1.23', '2.83', '0.23', '2.93', '3.77', '0.50']"
2017,M. Pupo,Drug Aware Margaret River Pro,Round 1,"['2.10', '1.07', '\xa0', '\xa0', '\xa0', '\xa0', '\xa0', '\xa0']"
2017,M. Wilkinson,Drug Aware Margaret River Pro,Round 1,"['1.10', '2.00', '\xa0', '\xa0', '\xa0', '\xa0', '\xa0', '\xa0']"
2017,J. Smith,Drug Aware Margaret River Pro,Round 1,"['5.17', '5.77', '5.93', '0.57', '7.83']"
2017,N. Young,Drug Aware Margaret River Pro,Round 1,"['1.50', '5.33', '6.67', '0.50', '0.60']"
2017,K. Igarashi,Drug Aware Margaret River Pro,Round 1,"['0.50', '0.37', '0.50', '1.27', '\xa0']"
2017,J. Mendes,Drug Aware Margaret River Pro,Round 1,"['0.30', '3.67', '0.47', '0.13', '0.23', '2.87', '3.60', '7.40']"
2017,G. Medina,Drug Aware Margaret River Pro,Round 1,"['3.33', '0.63', '3.93', '0.50', '0.87', '2.57', '\xa0', '\xa0']"
2017,W. Dantas,Drug Aware Margaret River Pro,Round 1,"['0.50', '1.77', '0.77', '0.73', '3.53', '\xa0', '\xa0', '\xa0']"
2017,J. Florence,Drug Aware Margaret River Pro,Round 1,"['7.17', '1.87', '6.50', '1.00', '0.23', '\xa0']"
2017,J. Willcox,Drug Aware Margaret River Pro,Round 1,"['0.33', '0.93', '0.87', '0.50', '0.73', '3.47']"
2017,F. Morais,Drug Aware Margaret River Pro,Round 1,"['2.83', '0.37', '0.57', '\xa0', '\xa0', '\xa0']"
2017,I. Gouveia,Drug Aware Margaret River Pro,Round 1,"['4.50', '3.80', '8.00', '0.37', '\xa0', '\xa0', '\xa0', '\xa0']"
2017,C. O'Leary,Drug Aware Margaret River Pro,Round 1,"['0.50', '2.50', '6.07', '6.33', '\xa0', '\xa0', '\xa0', '\xa0']"
2017,O. Wright,Drug Aware Margaret River Pro,Round 1,"['1.00', '0.50', '3.93', '3.43', '4.77', '0.50', '2.00', '3.17']"
2017,C. Ibelli,Drug Aware Margaret River Pro,Round 1,"['6.33', '2.83', '\xa0', '\xa0']"
2017,J. Parkinson,Drug Aware Margaret River Pro,Round 1,"['0.93', '0.23', '5.37', '3.33']"
2017,J. Andre,Drug Aware Margaret River Pro,Round 1,"['4.17', '0.60', '0.63', '\xa0']"
2017,J. Flores,Drug Aware Margaret River Pro,Round 1,"['4.50', '8.10', '1.33', '0.20']"
2017,A. de Souza,Drug Aware Margaret River Pro,Round 1,"['5.33', '0.30', '2.50', '5.17']"
2017,A. Buchan,Drug Aware Margaret River Pro,Round 1,"['2.77', '2.20', '3.47', '0.37']"
2017,M. Bourez,Drug Aware Margaret River Pro,Round 1,"['6.83', '0.57', '3.17', '1.93', '0.50', '0.50', '3.57']"
2017,J. Duru,Drug Aware Margaret River Pro,Round 1,"['3.00', '1.17', '1.07', '1.50', '\xa0', '\xa0', '\xa0']"
2017,C. Coffin,Drug Aware Margaret River Pro,Round 1,"['1.33', '1.00', '1.23', '1.00', '\xa0', '\xa0', '\xa0']"
2017,J. Wilson,Drug Aware Margaret River Pro,Round 1,"['0.50', '1.00', '1.73', '0.20', '0.43', '3.17', '1.00']"
2017,B. Durbidge,Drug Aware Margaret River Pro,Round 1,"['0.70', '0.53', '0.20', '2.10', '1.23', '\xa0', '\xa0']"
2017,J. Kerr,Drug Aware Margaret River Pro,Round 1,"['\xa0', '\xa0', '\xa0', '\xa0', '\xa0', '\xa0', '\xa0']"
2017,S. Zietz,Drug Aware Margaret River Pro,Round 1,"['0.37', '2.67', '3.73', '4.83', '10.00', '0.43']"
2017,E. Ewing,Drug Aware Margaret River Pro,Round 1,"['0.43', '1.50', '3.67', '0.43', '\xa0', '\xa0']"
2017,F. Toledo,Drug Aware Margaret River Pro,Round 1,"['0.67', '0.43', '0.70', '1.07', '0.50', '0.30']"
2017,J. Willcox,Drug Aware Margaret River Pro,Round 2,"['3.67', '5.43', '0.43', '5.10']"
2017,G. Medina,Drug Aware Margaret River Pro,Round 2,"['3.00', '5.67', '3.33', '0.70']"
2017,N. Young,Drug Aware Margaret River Pro,Round 2,"['0.17', '6.00', '3.13', '6.77', '7.83', '\xa0', '\xa0']"
2017,M. Wilkinson,Drug Aware Margaret River Pro,Round 2,"['2.67', '0.50', '4.67', '7.17', '0.50', '1.00', '3.27']"
2017,O. Wright,Drug Aware Margaret River Pro,Round 2,"['5.90', '5.27', '8.50', '\xa0']"
2017,E. Lau,Drug Aware Margaret River Pro,Round 2,"['5.67', '3.67', '7.33', '0.37']"
2017,J. Parkinson,Drug Aware Margaret River Pro,Round 2,"['6.17', '7.53', '8.33', '3.60']"
2017,L. Fioravanti,Drug Aware Margaret River Pro,Round 2,"['7.83', '7.00', '3.17', '\xa0']"
2017,A. de Souza,Drug Aware Margaret River Pro,Round 2,"['6.50', '6.17', '6.37', '6.10', '8.10']"
2017,J. Andre,Drug Aware Margaret River Pro,Round 2,"['3.33', '3.90', '0.10', '5.27', '5.57']"
2017,F. Toledo,Drug Aware Margaret River Pro,Round 2,"['4.67', '7.33', '4.67', '6.77', '7.67', '\xa0', '\xa0', '\xa0']"
2017,J. Duru,Drug Aware Margaret River Pro,Round 2,"['5.33', '4.97', '0.30', '0.67', '0.50', '1.00', '2.27', '6.70']"
2017,B. Durbidge,Drug Aware Margaret River Pro,Round 2,"['2.17', '4.93', '6.33', '5.50', '2.80']"
2017,J. Kerr,Drug Aware Margaret River Pro,Round 2,"['4.17', '2.40', '7.17', '1.60', '\xa0']"
2017,C. Coffin,Drug Aware Margaret River Pro,Round 2,"['7.33', '7.17', '0.50', '0.93', '6.50']"
2017,E. Ewing,Drug Aware Margaret River Pro,Round 2,"['4.17', '8.60', '\xa0', '\xa0', '\xa0']"
2017,A. Buchan,Drug Aware Margaret River Pro,Round 2,"['0.50', '1.00', '7.33', '8.83', '7.67', '\xa0', '\xa0']"
2017,F. Morais,Drug Aware Margaret River Pro,Round 2,"['6.00', '6.93', '4.33', '8.57', '6.53', '0.60', '0.70']"
2017,C. O'Leary,Drug Aware Margaret River Pro,Round 2,"['4.50', '4.77', '5.43', '8.00', '0.83']"
2017,W. Dantas,Drug Aware Margaret River Pro,Round 2,"['2.67', '3.33', '4.87', '1.00', '4.07']"
2017,K. Igarashi,Drug Aware Margaret River Pro,Round 2,"['4.67', '7.67', '0.50', '0.50', '2.10', '3.83', '5.10']"
2017,M. Fanning,Drug Aware Margaret River Pro,Round 2,"['3.67', '7.43', '5.33', '3.53', '4.93', '\xa0', '\xa0']"
2017,M. Pupo,Drug Aware Margaret River Pro,Round 2,"['4.67', '2.00', '4.53', '5.17', '5.70']"
2017,S. Kennedy,Drug Aware Margaret River Pro,Round 2,"['0.93', '4.90', '4.27', '3.93', '\xa0']"
2017,J. Freestone,Drug Aware Margaret River Pro,Round 3,"['1.00', '7.33', '3.67', '6.50', '3.93', '\xa0', '\xa0']"
2017,K. Slater,Drug Aware Margaret River Pro,Round 3,"['5.17', '3.50', '0.77', '1.93', '5.60', '1.43', '5.47']"
2017,J. Wilson,Drug Aware Margaret River Pro,Round 3,"['8.17', '8.67', '0.50', '4.00']"
2017,M. Pupo,Drug Aware Margaret River Pro,Round 3,"['0.83', '0.50', '2.50', '0.63']"
2017,O. Wright,Drug Aware Margaret River Pro,Round 3,"['1.00', '1.67', '6.17', '1.37', '1.37', '0.77', '8.07']"
2017,I. Gouveia,Drug Aware Margaret River Pro,Round 3,"['1.00', '7.17', '3.33', '4.50', '\xa0', '\xa0', '\xa0']"
2017,M. Bourez,Drug Aware Margaret River Pro,Round 3,"['3.33', '8.67', '4.60']"
2017,K. Igarashi,Drug Aware Margaret River Pro,Round 3,"['4.00', '6.83', '\xa0']"
2017,C. Coffin,Drug Aware Margaret River Pro,Round 3,"['0.53', '7.67', '2.50', '6.23', '7.90']"
2017,A. Buchan,Drug Aware Margaret River Pro,Round 3,"['1.17', '4.00', '1.43', '0.23', '7.43']"
2017,J. Florence,Drug Aware Margaret River Pro,Round 3,"['5.33', '0.50', '6.67', '8.50', '9.57', '3.00', '9.70', '2.40', '7.73']"
2017,J. Willcox,Drug Aware Margaret River Pro,Round 3,"['4.33', '1.00', '6.77', '6.67', '8.17', '0.70', '\xa0', '\xa0', '\xa0']"
2017,J. Smith,Drug Aware Margaret River Pro,Round 3,"['6.83', '6.00']"
2017,J. Mendes,Drug Aware Margaret River Pro,Round 3,"['5.17', '4.50']"
2017,S. Zietz,Drug Aware Margaret River Pro,Round 3,"['0.67', '8.17', '2.00', '7.17']"
2017,C. Ibelli,Drug Aware Margaret River Pro,Round 3,"['6.33', '3.33', '5.50', '7.83']"
2017,A. de Souza,Drug Aware Margaret River Pro,Round 3,"['4.27', '3.57', '8.50', '9.17', '6.70', '\xa0']"
2017,B. Durbidge,Drug Aware Margaret River Pro,Round 3,"['4.33', '3.00', '8.43', '0.77', '7.23', '3.93']"
2017,J. Flores,Drug Aware Margaret River Pro,Round 3,"['3.67', '0.50', '9.13', '7.67', '1.30']"
2017,J. Parkinson,Drug Aware Margaret River Pro,Round 3,"['1.00', '1.00', '7.53', '\xa0', '\xa0']"
2017,F. Toledo,Drug Aware Margaret River Pro,Round 3,"['4.10', '0.73', '5.83', '3.57', '6.13']"
2017,C. O'Leary,Drug Aware Margaret River Pro,Round 3,"['4.17', '0.77', '5.67', '3.80', '\xa0']"
2017,K. Andino,Drug Aware Margaret River Pro,Round 3,"['1.00', '5.17', '5.77', '6.77', '1.07']"
2017,N. Young,Drug Aware Margaret River Pro,Round 3,"['1.30', '1.10', '6.43', '4.00', '4.40']"
2017,O. Wright,Drug Aware Margaret River Pro,Round 4,"['6.43', '8.27', '9.17', '3.67', '3.00']"
2017,J. Freestone,Drug Aware Margaret River Pro,Round 4,"['6.10', '8.90', '6.90', '5.77', '6.90']"
2017,J. Wilson,Drug Aware Margaret River Pro,Round 4,"['5.93', '5.93', '1.00', '5.73', '\xa0']"
2017,J. Florence,Drug Aware Margaret River Pro,Round 4,"['8.00', '9.43', '8.33', '9.73', '6.60', '1.50', '\xa0']"
2017,M. Bourez,Drug Aware Margaret River Pro,Round 4,"['4.33', '3.43', '3.73', '3.37', '7.83', '2.00', '7.40']"
2017,C. Coffin,Drug Aware Margaret River Pro,Round 4,"['4.50', '2.33', '7.00', '1.00', '\xa0', '\xa0', '\xa0']"
2017,A. de Souza,Drug Aware Margaret River Pro,Round 4,"['8.33', '6.00', '6.77', '6.50', '0.20', '8.43', '8.40', '\xa0', '\xa0']"
2017,S. Zietz,Drug Aware Margaret River Pro,Round 4,"['4.17', '3.17', '0.83', '0.50', '7.07', '3.90', '3.17', '6.33', '\xa0']"
2017,J. Smith,Drug Aware Margaret River Pro,Round 4,"['1.00', '2.50', '4.03', '0.60', '5.83', '0.50', '4.13', '3.47', '1.17']"
2017,K. Andino,Drug Aware Margaret River Pro,Round 4,"['6.77', '5.77', '8.00', '6.50', '\xa0']"
2017,J. Flores,Drug Aware Margaret River Pro,Round 4,"['3.50', '0.70', '3.83', '4.40', '9.60']"
2017,F. Toledo,Drug Aware Margaret River Pro,Round 4,"['7.00', '5.33', '6.33', '6.43', '4.73']"
2017,J. Freestone,Drug Aware Margaret River Pro,Round 5,"['8.50', '5.83', '3.50', '5.23', '\xa0', '\xa0']"
2017,C. Coffin,Drug Aware Margaret River Pro,Round 5,"['0.67', '0.50', '1.00', '0.43', '2.93', '4.77']"
2017,M. Bourez,Drug Aware Margaret River Pro,Round 5,"['7.17', '2.93', '8.27', '\xa0', '\xa0', '\xa0', '\xa0', '\xa0']"
2017,J. Wilson,Drug Aware Margaret River Pro,Round 5,"['6.50', '0.43', '0.80', '5.67', '6.63', '7.57', '2.60', '5.70']"
2017,F. Toledo,Drug Aware Margaret River Pro,Round 5,"['6.00', '5.00', '6.17', '5.33', '8.50', '6.37', '6.93', '6.57', '2.50']"
2017,S. Zietz,Drug Aware Margaret River Pro,Round 5,"['0.50', '6.33', '0.83', '2.17', '8.00', '\xa0', '\xa0', '\xa0', '\xa0']"
2017,J. Smith,Drug Aware Margaret River Pro,Round 5,"['6.67', '9.00', '7.83', '\xa0']"
2017,J. Flores,Drug Aware Margaret River Pro,Round 5,"['0.50', '6.33', '7.33', '0.93']"
2017,J. Freestone,Drug Aware Margaret River Pro,Quarterfinals,"['6.50', '4.00', '0.57', '2.17']"
2017,O. Wright,Drug Aware Margaret River Pro,Quarterfinals,"['5.00', '0.50', '\xa0', '\xa0']"
2017,J. Florence,Drug Aware Margaret River Pro,Quarterfinals,"['9.27', '1.27', '6.17', '0.97', '8.77', '8.00']"
2017,M. Bourez,Drug Aware Margaret River Pro,Quarterfinals,"['4.50', '0.60', '0.50', '7.00', '8.77', '\xa0']"
2017,F. Toledo,Drug Aware Margaret River Pro,Quarterfinals,"['0.50', '6.00', '5.73', '4.73', '6.83']"
2017,A. de Souza,Drug Aware Margaret River Pro,Quarterfinals,"['4.00', '3.00', '6.33', '\xa0', '\xa0']"
2017,K. Andino,Drug Aware Margaret River Pro,Quarterfinals,"['9.17', '6.83', '6.43', '5.50', '9.60']"
2017,J. Smith,Drug Aware Margaret River Pro,Quarterfinals,"['6.00', '7.50', '8.33', '5.10', '8.53']"
2017,J. Florence,Drug Aware Margaret River Pro,Semifinals,"['7.17', '9.37', '9.90', '\xa0', '\xa0']"
2017,J. Freestone,Drug Aware Margaret River Pro,Semifinals,"['4.67', '3.83', '5.90', '4.33', '1.33']"
2017,K. Andino,Drug Aware Margaret River Pro,Semifinals,"['3.17', '2.33', '5.67', '7.83', '7.80', '1.17']"
2017,F. Toledo,Drug Aware Margaret River Pro,Semifinals,"['0.50', '6.33', '3.17', '4.67', '5.70', '8.67']"
2017,J. Florence,Drug Aware Margaret River Pro,Finals,"['9.63', '7.50', '9.40', '\xa0', '\xa0', '\xa0']"
2017,K. Andino,Drug Aware Margaret River Pro,Finals,"['5.83', '0.40', '6.57', '1.00', '5.23', '7.03']"
2017,M. Wilkinson,Rip Curl Pro Bells Beach,Round 1,"['6.90', '5.83', '3.13', '\xa0', '\xa0']"
2017,M. Fanning,Rip Curl Pro Bells Beach,Round 1,"['6.00', '3.57', '1.67', '6.40', '1.77']"
2017,J. Andre,Rip Curl Pro Bells Beach,Round 1,"['4.00', '2.33', '2.43', '0.63', '7.70']"
2017,O. Wright,Rip Curl Pro Bells Beach,Round 1,"['7.50', '3.07', '2.90', '7.17']"
2017,M. Pupo,Rip Curl Pro Bells Beach,Round 1,"['4.83', '8.50', '0.93', '2.30']"
2017,E. Lau,Rip Curl Pro Bells Beach,Round 1,"['2.17', '7.60', '\xa0', '\xa0']"
2017,G. Medina,Rip Curl Pro Bells Beach,Round 1,"['7.07', '2.00', '7.97', '0.30', '\xa0', '\xa0']"
2017,S. Kennedy,Rip Curl Pro Bells Beach,Round 1,"['1.00', '7.93', '3.13', '4.10', '\xa0', '\xa0']"
2017,L. Fioravanti,Rip Curl Pro Bells Beach,Round 1,"['3.67', '0.87', '0.80', '2.13', '1.17', '2.50']"
2017,N. Young,Rip Curl Pro Bells Beach,Round 1,"['8.83', '5.20', '0.37', '7.83', '3.00', '\xa0']"
2017,K. Igarashi,Rip Curl Pro Bells Beach,Round 1,"['1.00', '6.17', '3.43', '6.70', '7.73', '\xa0']"
2017,J. Smith,Rip Curl Pro Bells Beach,Round 1,"['0.50', '3.00', '7.33', '4.83', '5.80', '6.53']"
2017,K. Andino,Rip Curl Pro Bells Beach,Round 1,"['5.83', '9.00', '3.37', '8.17', '5.07', '\xa0']"
2017,J. Freestone,Rip Curl Pro Bells Beach,Round 1,"['6.23', '0.70', '5.27', '\xa0', '\xa0', '\xa0']"
2017,S. Pupo,Rip Curl Pro Bells Beach,Round 1,"['0.43', '3.33', '2.87', '0.33', '0.43', '0.20']"
2017,J. Florence,Rip Curl Pro Bells Beach,Round 1,"['0.83', '8.17', '5.00', '2.30', '3.33', '9.03', '2.07', '\xa0']"
2017,J. Flores,Rip Curl Pro Bells Beach,Round 1,"['5.27', '0.43', '6.50', '6.80', '7.07', '\xa0', '\xa0', '\xa0']"
2017,G. Ringrose,Rip Curl Pro Bells Beach,Round 1,"['4.33', '2.50', '0.50', '4.67', '6.57', '3.60', '3.67', '3.83']"
2017,A. de Souza,Rip Curl Pro Bells Beach,Round 1,"['6.77', '8.17', '8.03', '0.63', '\xa0', '\xa0']"
2017,J. Duru,Rip Curl Pro Bells Beach,Round 1,"['5.67', '7.27', '6.90', '\xa0', '\xa0', '\xa0']"
2017,C. Ibelli,Rip Curl Pro Bells Beach,Round 1,"['5.07', '5.53', '4.27', '1.50', '2.00', '1.00']"
2017,K. Slater,Rip Curl Pro Bells Beach,Round 1,"['8.50', '4.07', '4.40', '6.10', '1.00', '1.67', '1.87', '6.00', '1.00']"
2017,J. Kerr,Rip Curl Pro Bells Beach,Round 1,"['5.33', '4.77', '6.97', '4.47', '0.93', '\xa0', '\xa0', '\xa0', '\xa0']"
2017,I. Gouveia,Rip Curl Pro Bells Beach,Round 1,"['3.50', '6.50', '2.60', '2.43', '0.77', '\xa0', '\xa0', '\xa0', '\xa0']"
2017,M. Bourez,Rip Curl Pro Bells Beach,Round 1,"['2.07', '2.73', '7.17', '8.03', '6.53', '\xa0']"
2017,E. Ewing,Rip Curl Pro Bells Beach,Round 1,"['3.67', '7.93', '6.93', '0.93', '5.50', '0.83']"
2017,C. O'Leary,Rip Curl Pro Bells Beach,Round 1,"['0.93', '2.87', '0.93', '6.77', '1.93', '\xa0']"
2017,A. Buchan,Rip Curl Pro Bells Beach,Round 1,"['4.50', '7.67', '3.60', '0.50', '7.07']"
2017,J. Parkinson,Rip Curl Pro Bells Beach,Round 1,"['1.00', '4.53', '6.27', '5.30', '6.43']"
2017,F. Morais,Rip Curl Pro Bells Beach,Round 1,"['2.67', '5.83', '5.70', '\xa0', '\xa0']"
2017,F. Toledo,Rip Curl Pro Bells Beach,Round 1,"['6.17', '8.17', '8.93', '1.50', '9.70', '4.23', '10.00', '\xa0', '\xa0', '\xa0']"
2017,C. Coffin,Rip Curl Pro Bells Beach,Round 1,"['6.67', '0.73', '1.93', '7.73', '4.30', '4.13', '\xa0', '\xa0', '\xa0', '\xa0']"
2017,B. Durbidge,Rip Curl Pro Bells Beach,Round 1,"['0.50', '2.00', '3.83', '5.33', '0.43', '2.20', '5.77', '8.07', '5.03', '1.47']"
2017,J. Wilson,Rip Curl Pro Bells Beach,Round 1,"['2.33', '0.33', '0.83', '4.50', '0.67', '6.50', '8.93', '7.63']"
2017,W. Dantas,Rip Curl Pro Bells Beach,Round 1,"['8.00', '4.70', '6.10', '5.50', '\xa0', '\xa0', '\xa0', '\xa0']"
2017,S. Zietz,Rip Curl Pro Bells Beach,Round 1,"['2.23', '3.00', '4.17', '7.77', '\xa0', '\xa0', '\xa0', '\xa0']"
2017,J. Smith,Rip Curl Pro Bells Beach,Round 2,"['7.83', '6.67', '9.50', '8.90', '\xa0']"
2017,G. Ringrose,Rip Curl Pro Bells Beach,Round 2,"['1.67', '3.33', '1.93', '5.50', '2.93']"
2017,J. Parkinson,Rip Curl Pro Bells Beach,Round 2,"['8.50', '7.70', '8.07', '\xa0', '\xa0']"
2017,S. Pupo,Rip Curl Pro Bells Beach,Round 2,"['1.00', '7.33', '5.50', '0.87', '0.57']"
2017,S. Zietz,Rip Curl Pro Bells Beach,Round 2,"['4.23', '8.33', '8.60', '1.00']"
2017,L. Fioravanti,Rip Curl Pro Bells Beach,Round 2,"['0.87', '7.50', '8.17', '8.67']"
2017,E. Lau,Rip Curl Pro Bells Beach,Round 2,"['9.00', '7.20', '9.40', '\xa0', '\xa0', '\xa0']"
2017,C. Coffin,Rip Curl Pro Bells Beach,Round 2,"['7.67', '4.50', '8.10', '8.30', '1.00', '1.00']"
2017,C. O'Leary,Rip Curl Pro Bells Beach,Round 2,"['6.17', '4.50', '6.83', '2.50']"
2017,J. Andre,Rip Curl Pro Bells Beach,Round 2,"['1.00', '0.80', '5.33', '\xa0']"
2017,J. Duru,Rip Curl Pro Bells Beach,Round 2,"['7.30', '8.67', '3.60', '3.77', '7.57', '\xa0']"
2017,J. Kerr,Rip Curl Pro Bells Beach,Round 2,"['7.17', '4.50', '5.67', '6.00', '1.17', '7.43']"
2017,C. Ibelli,Rip Curl Pro Bells Beach,Round 2,"['8.33', '8.17', '6.50', '8.93', '\xa0', '\xa0']"
2017,I. Gouveia,Rip Curl Pro Bells Beach,Round 2,"['6.00', '5.33', '8.67', '2.57', '5.60', '3.83']"
2017,M. Fanning,Rip Curl Pro Bells Beach,Round 2,"['8.00', '6.67', '4.80', '9.20', '9.00']"
2017,E. Ewing,Rip Curl Pro Bells Beach,Round 2,"['5.17', '4.33', '5.33', '6.70', '3.67']"
2017,F. Morais,Rip Curl Pro Bells Beach,Round 2,"['2.77', '6.33', '9.67', '7.17', '8.27', '\xa0', '\xa0']"
2017,M. Pupo,Rip Curl Pro Bells Beach,Round 2,"['5.50', '5.43', '3.57', '9.37', '1.00', '0.50', '0.73']"
2017,B. Durbidge,Rip Curl Pro Bells Beach,Round 2,"['7.17', '8.77', '8.83', '3.80', '\xa0']"
2017,S. Kennedy,Rip Curl Pro Bells Beach,Round 2,"['6.17', '7.57', '3.83', '3.10', '5.10']"
2017,W. Dantas,Rip Curl Pro Bells Beach,Round 2,"['0.50', '7.67', '5.40', '5.80', '9.33', '3.70', '7.30']"
2017,K. Igarashi,Rip Curl Pro Bells Beach,Round 2,"['6.33', '1.77', '8.43', '4.00', '7.37', '0.87', '1.13']"
2017,J. Flores,Rip Curl Pro Bells Beach,Round 2,"['7.77', '6.67', '5.77', '8.93', '7.00', '\xa0', '\xa0', '\xa0']"
2017,J. Freestone,Rip Curl Pro Bells Beach,Round 2,"['0.30', '5.17', '8.97', '7.67', '7.27', '0.93', '0.73', '4.67']"
2017,F. Morais,Rip Curl Pro Bells Beach,Round 3,"['1.23', '8.77', '5.17', '\xa0']"
2017,G. Medina,Rip Curl Pro Bells Beach,Round 3,"['6.00', '7.57', '0.43', '1.57']"
2017,C. Ibelli,Rip Curl Pro Bells Beach,Round 3,"['7.07', '9.13', '3.33', '7.90', '1.00', '\xa0']"
2017,M. Bourez,Rip Curl Pro Bells Beach,Round 3,"['0.50', '8.00', '6.33', '8.10', '0.77', '5.33']"
2017,O. Wright,Rip Curl Pro Bells Beach,Round 3,"['4.50', '8.77', '7.63', '1.00', '8.77', '7.10']"
2017,B. Durbidge,Rip Curl Pro Bells Beach,Round 3,"['7.50', '2.50', '6.33', '4.60', '5.43', '\xa0']"
2017,M. Fanning,Rip Curl Pro Bells Beach,Round 3,"['3.50', '5.50', '0.77', '7.00', '6.50', '3.17', '\xa0', '\xa0']"
2017,K. Slater,Rip Curl Pro Bells Beach,Round 3,"['4.50', '1.00', '0.50', '6.83', '0.50', '5.60', '0.87', '4.37']"
2017,S. Zietz,Rip Curl Pro Bells Beach,Round 3,"['8.00', '0.80', '1.10', '0.67', '8.37', '8.70', '\xa0']"
2017,J. Wilson,Rip Curl Pro Bells Beach,Round 3,"['0.83', '6.67', '4.83', '9.37', '5.77', '7.40', '7.67']"
2017,J. Florence,Rip Curl Pro Bells Beach,Round 3,"['8.17', '1.00', '2.00', '6.17', '0.43']"
2017,N. Young,Rip Curl Pro Bells Beach,Round 3,"['0.50', '4.33', '7.10', '3.60', '\xa0']"
2017,E. Lau,Rip Curl Pro Bells Beach,Round 3,"['7.00', '7.00', '\xa0', '\xa0']"
2017,K. Andino,Rip Curl Pro Bells Beach,Round 3,"['6.50', '1.67', '2.17', '5.83']"
2017,F. Toledo,Rip Curl Pro Bells Beach,Round 3,"['9.77', '6.00', '8.50', '\xa0']"
2017,A. Buchan,Rip Curl Pro Bells Beach,Round 3,"['6.67', '6.83', '8.73', '5.07']"
2017,A. de Souza,Rip Curl Pro Bells Beach,Round 3,"['9.00', '2.00', '7.37', '7.53']"
2017,J. Flores,Rip Curl Pro Bells Beach,Round 3,"['7.50', '8.00', '6.43', '\xa0']"
2017,W. Dantas,Rip Curl Pro Bells Beach,Round 3,"['7.00', '6.73', '0.93', '\xa0', '\xa0', '\xa0', '\xa0']"
2017,M. Wilkinson,Rip Curl Pro Bells Beach,Round 3,"['8.00', '1.00', '3.83', '0.57', '2.60', '0.43', '5.00']"
2017,J. Parkinson,Rip Curl Pro Bells Beach,Round 3,"['6.50', '8.33', '6.57', '2.67', '7.33']"
2017,C. O'Leary,Rip Curl Pro Bells Beach,Round 3,"['6.00', '0.93', '4.60', '\xa0', '\xa0']"
2017,J. Smith,Rip Curl Pro Bells Beach,Round 3,"['8.77', '8.83', '7.07', '0.43', '9.27']"
2017,J. Duru,Rip Curl Pro Bells Beach,Round 3,"['4.00', '5.77', '8.67', '3.87', '\xa0']"
2017,C. Ibelli,Rip Curl Pro Bells Beach,Round 4,"['7.00', '4.67', '2.83', '6.60', '1.00', '8.03', '8.43']"
2017,F. Morais,Rip Curl Pro Bells Beach,Round 4,"['8.00', '7.50', '0.87', '5.87', '\xa0', '\xa0', '\xa0']"
2017,O. Wright,Rip Curl Pro Bells Beach,Round 4,"['2.00', '6.00', '4.50', '0.20', '0.43', '5.43', '\xa0']"
2017,J. Florence,Rip Curl Pro Bells Beach,Round 4,"['0.17', '5.83', '9.57', '4.83', '8.57', '3.60', '9.97']"
2017,M. Fanning,Rip Curl Pro Bells Beach,Round 4,"['7.83', '9.93', '8.93', '8.00', '7.07', '\xa0', '\xa0']"
2017,S. Zietz,Rip Curl Pro Bells Beach,Round 4,"['2.83', '2.77', '0.50', '5.17', '3.90', '1.00', '7.77']"
2017,E. Lau,Rip Curl Pro Bells Beach,Round 4,"['6.00', '7.90', '8.83', '\xa0', '\xa0', '\xa0']"
2017,F. Toledo,Rip Curl Pro Bells Beach,Round 4,"['1.00', '1.13', '9.00', '4.33', '6.67', '0.87']"
2017,A. de Souza,Rip Curl Pro Bells Beach,Round 4,"['8.43', '3.00', '0.50', '5.77', '1.73', '\xa0']"
2017,J. Smith,Rip Curl Pro Bells Beach,Round 4,"['7.60', '7.70', '0.37', '3.13', '\xa0', '\xa0']"
2017,W. Dantas,Rip Curl Pro Bells Beach,Round 4,"['3.33', '0.87', '5.33', '6.20', '8.50', '\xa0']"
2017,J. Parkinson,Rip Curl Pro Bells Beach,Round 4,"['7.33', '4.17', '7.17', '0.20', '5.50', '7.07']"
2017,F. Morais,Rip Curl Pro Bells Beach,Round 5,"['7.00', '8.17', '2.50', '8.93', '9.17']"
2017,S. Zietz,Rip Curl Pro Bells Beach,Round 5,"['6.33', '3.67', '6.83', '3.50', '4.43']"
2017,M. Fanning,Rip Curl Pro Bells Beach,Round 5,"['5.67', '8.67', '9.60', '7.00', '9.03']"
2017,O. Wright,Rip Curl Pro Bells Beach,Round 5,"['0.90', '8.50', '9.10', '2.60', '5.40']"
2017,F. Toledo,Rip Curl Pro Bells Beach,Round 5,"['6.17', '9.33', '7.43', '0.50', '6.00']"
2017,J. Parkinson,Rip Curl Pro Bells Beach,Round 5,"['8.00', '6.50', '7.00', '3.50', '\xa0']"
2017,A. de Souza,Rip Curl Pro Bells Beach,Round 5,"['6.50', '8.17', '8.67', '9.50', '\xa0', '\xa0']"
2017,W. Dantas,Rip Curl Pro Bells Beach,Round 5,"['7.83', '8.77', '3.83', '5.93', '0.50', '8.83']"
2017,C. Ibelli,Rip Curl Pro Bells Beach,Quarterfinals,"['4.17', '8.90', '7.10', '6.97', '5.67', '7.10']"
2017,F. Morais,Rip Curl Pro Bells Beach,Quarterfinals,"['0.50', '4.77', '6.33', '2.00', '8.17', '\xa0']"
2017,J. Florence,Rip Curl Pro Bells Beach,Quarterfinals,"['3.17', '6.43', '1.00', '6.50', '9.23', '7.47']"
2017,M. Fanning,Rip Curl Pro Bells Beach,Quarterfinals,"['7.17', '0.87', '8.17', '7.60', '\xa0', '\xa0']"
2017,E. Lau,Rip Curl Pro Bells Beach,Quarterfinals,"['8.83', '2.77', '9.77', '\xa0', '\xa0', '\xa0']"
2017,F. Toledo,Rip Curl Pro Bells Beach,Quarterfinals,"['0.50', '7.23', '6.73', '9.43', '2.17', '2.83']"
2017,J. Smith,Rip Curl Pro Bells Beach,Quarterfinals,"['1.50', '8.00', '8.77', '0.80']"
2017,A. de Souza,Rip Curl Pro Bells Beach,Quarterfinals,"['3.50', '3.60', '6.93', '\xa0']"
2017,C. Ibelli,Rip Curl Pro Bells Beach,Semifinals,"['8.90', '6.40', '0.50', '7.17', '2.50', '0.37', '8.73']"
2017,J. Florence,Rip Curl Pro Bells Beach,Semifinals,"['4.00', '0.90', '9.93', '7.50', '1.83', '6.60', '\xa0']"
2017,J. Smith,Rip Curl Pro Bells Beach,Semifinals,"['7.93', '6.07', '4.17', '6.07', '7.70']"
2017,E. Lau,Rip Curl Pro Bells Beach,Semifinals,"['6.00', '7.97', '7.20', '4.60', '\xa0']"
2017,J. Smith,Rip Curl Pro Bells Beach,Finals,"['7.00', '9.10', '8.53', '9.77', '5.50', '9.13', '\xa0', '\xa0', '\xa0']"
2017,C. Ibelli,Rip Curl Pro Bells Beach,Finals,"['0.50', '3.83', '2.73', '0.30', '4.83', '7.83', '9.63', '3.83', '1.00']"
2017,N. Young,Oi Rio Pro,Round 1,"['6.17', '4.67', '1.33', '7.67', '5.87', '\xa0', '\xa0', '\xa0', '\xa0']"
2017,G. Medina,Oi Rio Pro,Round 1,"['2.33', '1.77', '0.73', '3.53', '0.43', '6.00', '0.37', '7.10', '2.63']"
2017,E. Lau,Oi Rio Pro,Round 1,"['3.00', '2.60', '5.00', '5.60', '\xa0', '\xa0', '\xa0', '\xa0', '\xa0']"
2017,A. de Souza,Oi Rio Pro,Round 1,"['3.83', '5.93', '6.33', '3.90', '\xa0']"
2017,J. Andre,Oi Rio Pro,Round 1,"['5.33', '2.33', '2.73', '4.83', '0.30']"
2017,W. Dantas,Oi Rio Pro,Round 1,"['0.20', '3.87', '0.63', '5.10', '\xa0']"
2017,J. Flores,Oi Rio Pro,Round 1,"['6.50', '4.00', '6.67', '4.37', '7.77', '0.80', '1.83']"
2017,O. Wright,Oi Rio Pro,Round 1,"['3.50', '0.50', '7.27', '6.70', '\xa0', '\xa0', '\xa0']"
2017,L. Fioravanti,Oi Rio Pro,Round 1,"['1.50', '4.23', '5.87', '0.30', '1.87', '\xa0', '\xa0']"
2017,J. Kerr,Oi Rio Pro,Round 1,"['6.17', '1.00', '1.87', '2.07', '8.10', '3.00', '\xa0']"
2017,J. Mendes,Oi Rio Pro,Round 1,"['5.67', '6.33', '1.63', '3.50', '0.50', '6.30', '\xa0']"
2017,K. Andino,Oi Rio Pro,Round 1,"['7.67', '0.50', '1.90', '0.37', '2.10', '4.17', '3.47']"
2017,J. Smith,Oi Rio Pro,Round 1,"['3.33', '2.17', '6.53', '3.30', '3.60', '3.00', '4.67']"
2017,B. Lopes,Oi Rio Pro,Round 1,"['0.50', '5.33', '5.73', '\xa0', '\xa0', '\xa0', '\xa0']"
2017,J. Freestone,Oi Rio Pro,Round 1,"['3.53', '1.00', '0.67', '0.50', '0.27', '4.63', '\xa0']"
2017,J. Florence,Oi Rio Pro,Round 1,"['6.50', '5.77', '8.17', '0.43', '2.17', '0.43', '1.00', '3.87', '5.20', '0.57']"
2017,Y. Dora,Oi Rio Pro,Round 1,"['3.50', '5.37', '1.07', '9.27', '0.87', '0.83', '\xa0', '\xa0', '\xa0', '\xa0']"
2017,M. Pupo,Oi Rio Pro,Round 1,"['7.67', '5.73', '0.50', '\xa0', '\xa0', '\xa0', '\xa0', '\xa0', '\xa0', '\xa0']"
2017,F. Toledo,Oi Rio Pro,Round 1,"['4.67', '5.73', '6.67', '7.33', '8.93', '0.27', '4.20']"
2017,E. Ewing,Oi Rio Pro,Round 1,"['6.57', '4.27', '2.60', '\xa0', '\xa0', '\xa0', '\xa0']"
2017,F. Morais,Oi Rio Pro,Round 1,"['1.77', '2.67', '4.03', '1.30', '3.67', '\xa0', '\xa0']"
2017,I. Gouveia,Oi Rio Pro,Round 1,"['5.17', '7.67', '4.83', '0.47', '1.67', '6.73', '\xa0', '\xa0']"
2017,A. Buchan,Oi Rio Pro,Round 1,"['3.50', '0.67', '8.63', '2.67', '4.57', '1.67', '3.93', '4.90']"
2017,M. Wilkinson,Oi Rio Pro,Round 1,"['0.30', '0.50', '0.73', '5.50', '\xa0', '\xa0', '\xa0', '\xa0']"
2017,J. Parkinson,Oi Rio Pro,Round 1,"['4.33', '6.67', '7.67', '8.53']"
2017,J. Duru,Oi Rio Pro,Round 1,"['6.83', '4.07', '2.00', '8.87']"
2017,C. O'Leary,Oi Rio Pro,Round 1,"['4.33', '1.83', '2.43', '2.67']"
2017,M. Fanning,Oi Rio Pro,Round 1,"['0.67', '4.83', '0.50', '7.67', '2.17', '6.77', '1.20', '1.23']"
2017,B. Durbidge,Oi Rio Pro,Round 1,"['2.50', '6.50', '3.40', '4.87', '0.57', '6.10', '\xa0', '\xa0']"
2017,M. Bourez,Oi Rio Pro,Round 1,"['4.00', '3.00', '2.93', '2.00', '5.13', '\xa0', '\xa0', '\xa0']"
2017,K. Igarashi,Oi Rio Pro,Round 1,"['5.50', '5.50', '5.77', '8.00', '\xa0', '\xa0']"
2017,C. Coffin,Oi Rio Pro,Round 1,"['6.67', '2.00', '6.93', '4.27', '\xa0', '\xa0']"
2017,S. Zietz,Oi Rio Pro,Round 1,"['4.93', '0.50', '2.17', '6.33', '1.00', '0.87']"
2017,J. Wilson,Oi Rio Pro,Round 1,"['5.67', '0.50', '9.77', '3.17', '3.57', '6.57', '0.60', '0.63']"
2017,S. Kennedy,Oi Rio Pro,Round 1,"['0.67', '7.33', '0.57', '1.17', '5.53', '4.10', '\xa0', '\xa0']"
2017,C. Ibelli,Oi Rio Pro,Round 1,"['1.00', '2.17', '\xa0', '\xa0', '\xa0', '\xa0', '\xa0', '\xa0']"
2017,Y. Dora,Oi Rio Pro,Round 2,"['3.00', '9.10', '4.00', '5.17', '\xa0', '\xa0', '\xa0']"
2017,K. Andino,Oi Rio Pro,Round 2,"['2.17', '0.20', '0.30', '0.87', '6.00', '6.23', '7.00']"
2017,O. Wright,Oi Rio Pro,Round 2,"['8.50', '2.33', '2.00', '5.43', '6.57', '1.00', '0.77', '7.50']"
2017,B. Lopes,Oi Rio Pro,Round 2,"['2.83', '0.87', '0.43', '5.67', '1.70', '3.30', '0.70', '\xa0']"
2017,G. Medina,Oi Rio Pro,Round 2,"['1.50', '4.00', '6.60', '0.43', '6.00', '0.57', '7.60', '0.67']"
2017,J. Mendes,Oi Rio Pro,Round 2,"['5.83', '1.20', '2.83', '1.20', '0.27', '4.83', '2.00', '2.43']"
2017,M. Wilkinson,Oi Rio Pro,Round 2,"['5.50', '1.60', '2.07', '4.40', '5.50', '3.07', '4.93', '\xa0', '\xa0', '\xa0']"
2017,L. Fioravanti,Oi Rio Pro,Round 2,"['3.93', '0.50', '1.90', '2.50', '0.43', '6.50', '0.73', '0.50', '3.77', '0.20']"
2017,J. Andre,Oi Rio Pro,Round 2,"['4.83', '3.00', '0.20', '3.50', '0.50', '6.17', '0.30', '1.40', '4.70', '3.90']"
2017,M. Bourez,Oi Rio Pro,Round 2,"['0.83', '1.13', '6.60', '0.63', '3.67', '2.67', '2.17', '0.20', '\xa0', '\xa0']"
2017,S. Zietz,Oi Rio Pro,Round 2,"['0.43', '2.17', '5.17', '0.27', '5.27', '5.63']"
2017,E. Ewing,Oi Rio Pro,Round 2,"['0.87', '2.80', '2.27', '0.67', '0.37', '\xa0']"
2017,C. Ibelli,Oi Rio Pro,Round 2,"['3.77', '4.83', '1.27', '6.10', '8.70', '6.17', '2.50']"
2017,J. Duru,Oi Rio Pro,Round 2,"['3.00', '7.00', '5.10', '5.40', '3.50', '\xa0', '\xa0']"
2017,B. Durbidge,Oi Rio Pro,Round 2,"['4.17', '1.43', '1.93', '0.70', '7.83', '6.77', '0.30']"
2017,C. Coffin,Oi Rio Pro,Round 2,"['1.93', '4.00', '4.33', '4.00', '5.83', '\xa0', '\xa0']"
2017,C. O'Leary,Oi Rio Pro,Round 2,"['2.33', '9.00', '8.00', '5.77', '9.20', '1.60', '3.57', '\xa0']"
2017,S. Kennedy,Oi Rio Pro,Round 2,"['4.67', '3.77', '0.37', '7.33', '0.70', '7.83', '2.00', '2.77']"
2017,A. Buchan,Oi Rio Pro,Round 2,"['3.33', '7.77', '4.33', '5.90', '7.17', '\xa0', '\xa0', '\xa0']"
2017,M. Pupo,Oi Rio Pro,Round 2,"['0.37', '0.20', '6.00', '6.67', '0.23', '0.83', '1.77', '0.43']"
2017,F. Morais,Oi Rio Pro,Round 2,"['4.83', '3.83', '0.67', '6.73', '5.80', '0.37', '7.67', '3.60', '\xa0', '\xa0']"
2017,J. Freestone,Oi Rio Pro,Round 2,"['1.50', '6.00', '5.57', '0.90', '5.20', '7.00', '0.43', '6.53', '1.13', '5.83']"
2017,W. Dantas,Oi Rio Pro,Round 2,"['5.67', '6.03', '8.50', '2.70', '0.43', '7.10', '2.57']"
2017,E. Lau,Oi Rio Pro,Round 2,"['3.33', '7.33', '6.17', '5.03', '7.93', '5.60', '\xa0']"
2017,A. de Souza,Oi Rio Pro,Round 3,"['7.17', '0.33', '8.50', '1.00', '0.93', '0.33', '2.50']"
2017,I. Gouveia,Oi Rio Pro,Round 3,"['6.50', '5.83', '2.17', '2.50', '1.07', '1.07', '\xa0']"
2017,W. Dantas,Oi Rio Pro,Round 3,"['6.83', '9.00', '0.43', '9.27', '6.27', '2.70', '\xa0', '\xa0']"
2017,S. Zietz,Oi Rio Pro,Round 3,"['3.00', '2.77', '7.83', '0.80', '0.60', '3.90', '0.20', '0.27']"
2017,G. Medina,Oi Rio Pro,Round 3,"['0.43', '7.50', '0.40', '6.60', '1.60', '6.80', '\xa0', '\xa0']"
2017,B. Durbidge,Oi Rio Pro,Round 3,"['5.33', '7.53', '0.50', '0.80', '2.00', '6.33', '1.30', '2.60']"
2017,J. Parkinson,Oi Rio Pro,Round 3,"['3.50', '4.50', '1.00', '5.50', '6.33', '6.93', '8.50', '0.70', '0.77', '2.70']"
2017,J. Flores,Oi Rio Pro,Round 3,"['1.50', '4.43', '1.07', '0.57', '5.57', '2.03', '5.87', '0.50', '\xa0', '\xa0']"
2017,M. Fanning,Oi Rio Pro,Round 3,"['1.00', '3.57', '5.17', '0.23', '3.93', '6.23', '7.17', '\xa0', '\xa0']"
2017,C. O'Leary,Oi Rio Pro,Round 3,"['3.00', '4.50', '4.43', '4.80', '0.60', '6.50', '1.00', '0.27', '5.40']"
2017,Y. Dora,Oi Rio Pro,Round 3,"['0.27', '2.67', '2.27', '8.33', '6.50', '7.17', '6.83']"
2017,J. Florence,Oi Rio Pro,Round 3,"['0.20', '4.33', '0.27', '5.83', '2.70', '3.67', '\xa0']"
2017,J. Smith,Oi Rio Pro,Round 3,"['5.67', '7.17', '4.43', '6.17', '7.73', '4.73', '\xa0', '\xa0', '\xa0', '\xa0', '\xa0']"
2017,J. Andre,Oi Rio Pro,Round 3,"['0.77', '0.83', '0.50', '7.07', '7.17', '1.30', '6.17', '7.10', '0.30', '0.23', '0.80']"
2017,A. Buchan,Oi Rio Pro,Round 3,"['2.33', '6.33', '0.43', '5.00', '6.83', '0.50', '4.30', '4.30', '5.83']"
2017,C. Ibelli,Oi Rio Pro,Round 3,"['3.00', '1.93', '7.07', '4.17', '2.80', '1.00', '\xa0', '\xa0', '\xa0']"
2017,M. Wilkinson,Oi Rio Pro,Round 3,"['5.83', '3.57', '3.77', '7.17', '0.37', '5.77', '\xa0', '\xa0', '\xa0', '\xa0']"
2017,J. Kerr,Oi Rio Pro,Round 3,"['6.83', '3.27', '4.67', '0.27', '0.80', '5.33', '3.20', '5.90', '2.60', '3.40']"
2017,K. Igarashi,Oi Rio Pro,Round 3,"['5.33', '5.00', '0.63', '1.00', '6.40', '1.77', '\xa0']"
2017,F. Toledo,Oi Rio Pro,Round 3,"['0.20 1', '2.84 2', '5.73', '0.50', '2.33', '0.20', '1.27']"
2017,J. Wilson,Oi Rio Pro,Round 3,"['8.00', '6.67', '6.17', '7.93', '4.17', '3.17', '8.23', '\xa0']"
2017,F. Morais,Oi Rio Pro,Round 3,"['6.83', '6.93', '5.90', '4.83', '9.20', '6.93', '2.77', '2.07']"
2017,O. Wright,Oi Rio Pro,Round 3,"['6.83', '8.30', '0.50', '7.77', '3.17', '8.70', '3.20']"
2017,N. Young,Oi Rio Pro,Round 3,"['7.83', '8.03', '7.07', '3.23', '7.77', '0.50', '7.27']"
2017,A. de Souza,Oi Rio Pro,Round 4,"['8.67', '7.00', '8.60', '3.00', '2.93', '\xa0', '\xa0', '\xa0', '\xa0', '\xa0', '\xa0']"
2017,W. Dantas,Oi Rio Pro,Round 4,"['7.67', '7.33', '3.10', '2.80', '6.37', '7.77', '8.77', '\xa0', '\xa0', '\xa0', '\xa0']"
2017,G. Medina,Oi Rio Pro,Round 4,"['1.00', '4.50', '4.27', '5.33', '2.33', '4.93', '6.77', '0.60', '7.53', '9.00', '1.00']"
2017,M. Fanning,Oi Rio Pro,Round 4,"['0.93', '6.00', '8.00', '7.90', '3.67', '9.50']"
2017,Y. Dora,Oi Rio Pro,Round 4,"['3.17', '4.17', '6.73', '6.50', '0.87', '8.40']"
2017,J. Parkinson,Oi Rio Pro,Round 4,"['5.00', '0.27', '0.37', '5.60', '5.77', '6.77']"
2017,A. Buchan,Oi Rio Pro,Round 4,"['7.00', '6.20', '6.30', '8.67', '2.37', '5.17', '5.40', '3.10']"
2017,J. Smith,Oi Rio Pro,Round 4,"['6.17', '0.50', '4.00', '7.87', '7.37', '4.17', '\xa0', '\xa0']"
2017,M. Wilkinson,Oi Rio Pro,Round 4,"['4.43', '2.67', '5.83', '2.80', '2.63', '6.83', '0.43', '2.60']"
2017,O. Wright,Oi Rio Pro,Round 4,"['6.67', '6.17', '1.00', '9.73', '2.37', '5.70', '6.17', '7.50', '\xa0', '\xa0', '\xa0', '\xa0']"
2017,K. Igarashi,Oi Rio Pro,Round 4,"['0.27', '2.43', '6.00', '6.73', '8.00', '8.83', '\xa0', '\xa0', '\xa0', '\xa0', '\xa0', '\xa0']"
2017,J. Wilson,Oi Rio Pro,Round 4,"['0.50', '4.00', '5.57', '3.57', '5.77', '0.43', '3.63', '3.80', '7.57', '2.07', '2.63', '8.37']"
2017,J. Parkinson,Oi Rio Pro,Round 5,"['6.67', '5.83', '1.07', '6.63', '9.33']"
2017,W. Dantas,Oi Rio Pro,Round 5,"['6.83', '7.33', '0.37', '\xa0', '\xa0']"
2017,Y. Dora,Oi Rio Pro,Round 5,"['5.00', '0.77', '5.83', '7.50', '0.37', '6.70', '8.17']"
2017,G. Medina,Oi Rio Pro,Round 5,"['0.50', '6.67', '7.10', '4.97', '1.57', '7.73', '\xa0']"
2017,J. Smith,Oi Rio Pro,Round 5,"['9.03', '0.33', '6.67', '0.50', '2.87']"
2017,J. Wilson,Oi Rio Pro,Round 5,"['0.17', '3.93', '1.20', '0.93', '\xa0']"
2017,M. Wilkinson,Oi Rio Pro,Round 5,"['6.50', '7.83', '0.77', '0.30', '0.40', '0.50']"
2017,K. Igarashi,Oi Rio Pro,Round 5,"['0.43', '4.77', '0.50', '8.20', '0.97', '\xa0']"
2017,A. de Souza,Oi Rio Pro,Quarterfinals,"['8.67', '9.83', '0.23', '2.70', '\xa0', '\xa0']"
2017,J. Parkinson,Oi Rio Pro,Quarterfinals,"['7.17', '3.83', '2.93', '2.63', '1.27', '2.50']"
2017,Y. Dora,Oi Rio Pro,Quarterfinals,"['2.83', '6.17', '6.27', '0.43', '3.40', '0.50']"
2017,M. Fanning,Oi Rio Pro,Quarterfinals,"['7.17', '5.17', '0.60', '4.77', '\xa0', '\xa0']"
2017,A. Buchan,Oi Rio Pro,Quarterfinals,"['5.17', '3.00', '2.83', '8.60', '7.77', '\xa0', '\xa0']"
2017,J. Smith,Oi Rio Pro,Quarterfinals,"['1.77', '6.50', '6.60', '6.87', '5.83', '0.43', '5.57']"
2017,M. Wilkinson,Oi Rio Pro,Quarterfinals,"['8.40', '8.83', '3.90', '\xa0', '\xa0']"
2017,O. Wright,Oi Rio Pro,Quarterfinals,"['6.67', '7.77', '1.00', '4.83', '6.93']"
2017,A. de Souza,Oi Rio Pro,Semifinals,"['7.17', '1.70', '9.57', '8.40', '\xa0', '\xa0']"
2017,Y. Dora,Oi Rio Pro,Semifinals,"['2.00', '2.27', '3.60', '3.97', '8.00', '2.23']"
2017,A. Buchan,Oi Rio Pro,Semifinals,"['4.33', '1.23', '8.00', '8.97', '\xa0']"
2017,M. Wilkinson,Oi Rio Pro,Semifinals,"['6.17', '0.43', '2.27', '5.43', '2.33']"
2017,A. de Souza,Oi Rio Pro,Finals,"['7.50', '7.83', '1.00', '4.33', '9.80']"
2017,A. Buchan,Oi Rio Pro,Finals,"['4.33', '5.83', '9.20', '8.03', '\xa0']"
2017,I. Ferreira,Outerknown Fiji Pro,Round 1,"['0.93', '5.33', '1.03', '6.10', '1.10', '2.40', '0.50', '0.27']"
2017,K. Andino,Outerknown Fiji Pro,Round 1,"['0.93', '1.53', '5.90', '0.33', '5.10', '1.93', '\xa0', '\xa0']"
2017,J. Duru,Outerknown Fiji Pro,Round 1,"['1.43', '2.07', '0.67', '0.33', '1.07', '1.87', '\xa0', '\xa0']"
2017,M. Wilkinson,Outerknown Fiji Pro,Round 1,"['7.17', '2.60', '2.90', '0.83', '5.33']"
2017,J. Flores,Outerknown Fiji Pro,Round 1,"['0.90', '1.27', '6.17', '1.57', '\xa0']"
2017,E. Ewing,Outerknown Fiji Pro,Round 1,"['1.13', '0.87', '5.33', '1.57', '\xa0']"
2017,O. Wright,Outerknown Fiji Pro,Round 1,"['3.67', '4.03', '1.43', '5.50', '4.87', '8.50', '\xa0', '\xa0']"
2017,L. Fioravanti,Outerknown Fiji Pro,Round 1,"['1.00', '1.23', '0.43', '6.33', '6.17', '6.27', '5.90', '0.50']"
2017,E. Lau,Outerknown Fiji Pro,Round 1,"['0.93', '3.90', '2.00', '4.27', '\xa0', '\xa0', '\xa0', '\xa0']"
2017,A. de Souza,Outerknown Fiji Pro,Round 1,"['3.83', '4.33', '5.00', '5.83', '2.67', '\xa0']"
2017,K. Igarashi,Outerknown Fiji Pro,Round 1,"['0.50', '6.00', '0.50', '1.43', '\xa0', '\xa0']"
2017,B. Lopes,Outerknown Fiji Pro,Round 1,"['1.40', '0.77', '1.87', '1.43', '0.30', '1.07']"
2017,J. Smith,Outerknown Fiji Pro,Round 1,"['6.33', '5.83', '4.67', '0.50', '2.47', '\xa0']"
2017,Y. Dora,Outerknown Fiji Pro,Round 1,"['0.60', '7.00', '2.43', '1.50', '0.50', '\xa0']"
2017,J. Freestone,Outerknown Fiji Pro,Round 1,"['2.33', '0.93', '2.77', '2.27', '0.80', '0.83']"
2017,J. Florence,Outerknown Fiji Pro,Round 1,"['8.17', '1.50', '6.67', '2.00', '2.67', '0.50']"
2017,T. Gukilau,Outerknown Fiji Pro,Round 1,"['8.30', '1.13', '1.87', '\xa0', '\xa0', '\xa0']"
2017,J. Kerr,Outerknown Fiji Pro,Round 1,"['5.33', '1.07', '3.00', '2.00', '2.43', '\xa0']"
2017,F. Morais,Outerknown Fiji Pro,Round 1,"['5.17', '0.77', '3.87', '1.73', '5.27', '0.57', '0.70', '\xa0', '\xa0', '\xa0']"
2017,J. Andre,Outerknown Fiji Pro,Round 1,"['2.17', '3.83', '1.40', '2.07', '1.63', '5.50', '1.60', '1.10', '2.37', '0.80']"
2017,J. Parkinson,Outerknown Fiji Pro,Round 1,"['1.60', '0.50', '0.33', '1.27', '0.23', '7.00', '0.40', '\xa0', '\xa0', '\xa0']"
2017,G. Medina,Outerknown Fiji Pro,Round 1,"['3.00', '1.70', '3.60', '1.47', '4.50', '7.50', '2.43']"
2017,N. Young,Outerknown Fiji Pro,Round 1,"['1.43', '0.80', '0.37', '0.27', '6.00', '0.90', '\xa0']"
2017,W. Dantas,Outerknown Fiji Pro,Round 1,"['2.00', '0.50', '3.63', '0.50', '0.43', '0.30', '1.77']"
2017,J. Wilson,Outerknown Fiji Pro,Round 1,"['1.33', '6.83', '0.63', '9.50', '\xa0', '\xa0', '\xa0']"
2017,C. Coffin,Outerknown Fiji Pro,Round 1,"['8.77', '3.00', '6.50', '\xa0', '\xa0', '\xa0', '\xa0']"
2017,S. Kennedy,Outerknown Fiji Pro,Round 1,"['0.50', '0.50', '0.30', '3.73', '5.17', '1.17', '0.43']"
2017,C. O'Leary,Outerknown Fiji Pro,Round 1,"['6.83', '2.87', '4.17', '0.43', '3.47', '\xa0', '\xa0']"
2017,I. Gouveia,Outerknown Fiji Pro,Round 1,"['0.73', '3.67', '0.50', '5.60', '1.00', '1.50', '0.57']"
2017,S. Zietz,Outerknown Fiji Pro,Round 1,"['3.17', '5.17', '0.43', '0.77', '\xa0', '\xa0', '\xa0']"
2017,M. Bourez,Outerknown Fiji Pro,Round 1,"['1.27', '0.13', '4.33', '9.53', '9.17', '\xa0', '\xa0', '\xa0', '\xa0']"
2017,M. Pupo,Outerknown Fiji Pro,Round 1,"['0.37', '1.27', '0.43', '8.73', '8.77', '6.67', '1.00', '0.50', '1.27']"
2017,A. Buchan,Outerknown Fiji Pro,Round 1,"['1.50', '0.17', '7.50', '0.43', '4.83', '1.63', '0.43', '\xa0', '\xa0']"
2017,M. Fanning,Outerknown Fiji Pro,Round 1,"['0.50', '2.27', '8.00', '4.83', '5.93', '\xa0']"
2017,B. Durbidge,Outerknown Fiji Pro,Round 1,"['1.07', '1.60', '6.50', '2.63', '0.50', '0.50']"
2017,K. Slater,Outerknown Fiji Pro,Round 1,"['0.50', '0.93', '2.20', '3.00', '1.87', '\xa0']"
2017,K. Andino,Outerknown Fiji Pro,Round 2,"['0.43', '3.67', '0.30', '0.13', '4.83', '0.37', '5.50', '8.00', '0.43', '0.43']"
2017,T. Gukilau,Outerknown Fiji Pro,Round 2,"['0.83', '0.63', '0.60', '3.33', '0.13', '0.50', '0.37', '\xa0', '\xa0', '\xa0']"
2017,J. Parkinson,Outerknown Fiji Pro,Round 2,"['0.73', '2.83', '6.33', '4.33', '4.27', '2.00']"
2017,Y. Dora,Outerknown Fiji Pro,Round 2,"['6.83', '1.50', '3.50', '\xa0', '\xa0', '\xa0']"
2017,S. Zietz,Outerknown Fiji Pro,Round 2,"['0.87', '1.70', '7.67', '9.43', '5.60', '9.00']"
2017,B. Lopes,Outerknown Fiji Pro,Round 2,"['3.33', '4.33', '4.83', '1.43', '4.70', '\xa0']"
2017,L. Fioravanti,Outerknown Fiji Pro,Round 2,"['1.50', '0.70', '8.33', '1.33', '3.93', '\xa0', '\xa0']"
2017,A. Buchan,Outerknown Fiji Pro,Round 2,"['2.67', '8.50', '1.33', '0.77', '1.73', '0.43', '3.37']"
2017,K. Slater,Outerknown Fiji Pro,Round 2,"['5.17', '7.73', '0.20', '1.87', '5.67', '0.20', '1.00', '7.80', '\xa0']"
2017,E. Ewing,Outerknown Fiji Pro,Round 2,"['0.50', '0.27', '0.30', '2.27', '2.00', '0.50', '1.30', '0.27', '6.73']"
2017,J. Duru,Outerknown Fiji Pro,Round 2,"['3.33', '0.93', '5.83', '7.17', '0.57', '0.57', '4.93', '1.37', '0.20', '0.70']"
2017,C. Coffin,Outerknown Fiji Pro,Round 2,"['0.77', '2.90', '3.30', '5.63', '4.67', '\xa0', '\xa0', '\xa0', '\xa0', '\xa0']"
2017,W. Dantas,Outerknown Fiji Pro,Round 2,"['0.70', '0.80', '3.60', '0.73', '1.00', '8.17', '6.60', '1.27', '0.30', '1.73']"
2017,J. Andre,Outerknown Fiji Pro,Round 2,"['6.17', '6.10', '0.23', '0.37', '2.17', '0.73', '1.10', '2.40', '1.07', '0.43']"
2017,J. Flores,Outerknown Fiji Pro,Round 2,"['3.50', '1.23', '3.10', '1.00', '4.33', '8.00', '9.57', '\xa0', '\xa0', '\xa0', '\xa0', '\xa0']"
2017,N. Young,Outerknown Fiji Pro,Round 2,"['0.67', '1.00', '0.97', '1.07', '2.43', '1.67', '6.00', '0.37', '5.10', '1.57', '1.40', '1.20']"
2017,S. Kennedy,Outerknown Fiji Pro,Round 2,"['1.00', '7.57', '3.17', '0.50']"
2017,E. Lau,Outerknown Fiji Pro,Round 2,"['6.83', '2.17', '2.27', '0.10']"
2017,I. Gouveia,Outerknown Fiji Pro,Round 2,"['2.33', '3.33', '0.80', '0.50', '7.93', '2.60', '7.17']"
2017,K. Igarashi,Outerknown Fiji Pro,Round 2,"['0.73', '0.50', '4.33', '2.80', '\xa0', '\xa0', '\xa0']"
2017,M. Pupo,Outerknown Fiji Pro,Round 2,"['0.30', '2.67', '2.60', '5.17', '0.27', '4.17', '4.53', '6.83', '0.73']"
2017,J. Freestone,Outerknown Fiji Pro,Round 2,"['3.50', '4.63', '4.60', '\xa0', '\xa0', '\xa0', '\xa0', '\xa0', '\xa0']"
2017,B. Durbidge,Outerknown Fiji Pro,Round 2,"['1.57', '0.80', '4.50', '3.60', '0.37', '0.30', '5.90', '6.83', '6.27', '2.00']"
2017,J. Kerr,Outerknown Fiji Pro,Round 2,"['2.50', '5.17', '1.27', '4.13', '0.43', '4.73', '2.80', '\xa0', '\xa0', '\xa0']"
2017,I. Gouveia,Outerknown Fiji Pro,Round 3,"['8.33', '0.37', '7.33', '2.07', '3.23', '\xa0', '\xa0', '\xa0', '\xa0', '\xa0']"
2017,O. Wright,Outerknown Fiji Pro,Round 3,"['1.50', '6.33', '0.93', '0.43', '5.87', '3.17', '5.87', '2.67', '0.93', '8.93']"
2017,J. Wilson,Outerknown Fiji Pro,Round 3,"['0.57', '6.17', '3.43', '5.60', '8.87', '2.83', '\xa0']"
2017,F. Morais,Outerknown Fiji Pro,Round 3,"['4.00', '0.50', '4.67', '0.80', '5.53', '0.90', '1.80']"
2017,M. Wilkinson,Outerknown Fiji Pro,Round 3,"['2.00', '7.33', '7.40', '0.50', '0.63', '3.37', '8.07', '8.77', '5.67']"
2017,M. Pupo,Outerknown Fiji Pro,Round 3,"['3.50', '2.17', '0.43', '1.60', '1.00', '0.50', '\xa0', '\xa0', '\xa0']"
2017,I. Ferreira,Outerknown Fiji Pro,Round 3,"['0.37', '7.83', '1.57', '3.27', '8.00', '4.33', '0.43', '0.50', '5.33', '0.67']"
2017,G. Medina,Outerknown Fiji Pro,Round 3,"['8.10', '0.57', '0.50', '0.53', '6.17', '0.23', '7.37', '\xa0', '\xa0', '\xa0']"
2017,M. Bourez,Outerknown Fiji Pro,Round 3,"['7.00', '0.50', '1.00', '0.30', '6.53', '1.50', '0.23', '0.30', '2.47', '3.77']"
2017,M. Fanning,Outerknown Fiji Pro,Round 3,"['5.67', '4.17', '4.77', '0.30', '1.70', '2.17', '5.53', '\xa0', '\xa0', '\xa0']"
2017,L. Fioravanti,Outerknown Fiji Pro,Round 3,"['5.67', '8.33', '7.57', '0.43', '8.50', '7.67']"
2017,J. Florence,Outerknown Fiji Pro,Round 3,"['7.00', '4.67', '6.33', '0.83', '1.23', '2.67']"
2017,J. Duru,Outerknown Fiji Pro,Round 3,"['9.20', '5.17', '6.17', '6.53', '0.37', '0.50', '8.40']"
2017,J. Smith,Outerknown Fiji Pro,Round 3,"['4.83', '0.13', '2.67', '4.83', '6.90', '\xa0', '\xa0']"
2017,C. O'Leary,Outerknown Fiji Pro,Round 3,"['1.67', '0.57', '4.00', '1.50', '4.27', '0.37', '5.17', '4.60', '5.57', '1.37']"
2017,K. Slater,Outerknown Fiji Pro,Round 3,"['3.67', '0.63', '2.93', '0.37', '6.67', '2.20', '3.53', '1.33', '0.87', '0.57']"
2017,J. Parkinson,Outerknown Fiji Pro,Round 3,"['7.50', '2.00', '0.20', '0.27', '7.77', '5.60', '7.53', '0.93', '6.37']"
2017,J. Flores,Outerknown Fiji Pro,Round 3,"['3.33', '1.77', '5.17', '0.50', '0.30', '5.13', '8.67', '0.43', '4.60']"
2017,B. Durbidge,Outerknown Fiji Pro,Round 3,"['2.43', '7.67', '3.00', '5.83', '2.00', '2.70', '0.30', '0.37', '8.43']"
2017,K. Andino,Outerknown Fiji Pro,Round 3,"['4.67', '0.77', '5.07', '0.83', '3.13', '1.07', '6.83', '0.43', '1.43']"
2017,S. Zietz,Outerknown Fiji Pro,Round 3,"['3.00', '7.33', '0.43', '0.80', '1.63', '5.60', '0.27', '5.37', '\xa0', '\xa0']"
2017,W. Dantas,Outerknown Fiji Pro,Round 3,"['5.17', '0.37', '2.17', '0.57', '4.43', '0.90', '3.67', '0.37', '7.63', '0.27']"
2017,S. Kennedy,Outerknown Fiji Pro,Round 3,"['3.33', '5.33', '8.00', '6.83', '4.73', '\xa0', '\xa0', '\xa0']"
2017,A. de Souza,Outerknown Fiji Pro,Round 3,"['2.67', '0.50', '6.17', '4.53', '2.87', '7.33', '0.13', '7.00']"
2017,M. Wilkinson,Outerknown Fiji Pro,Round 4,"['4.00', '8.67', '5.60', '2.77', '\xa0', '\xa0', '\xa0']"
2017,J. Wilson,Outerknown Fiji Pro,Round 4,"['6.00', '1.93', '4.67', '0.90', '0.33', '7.93', '4.90']"
2017,I. Gouveia,Outerknown Fiji Pro,Round 4,"['0.67', '6.43', '1.50', '3.97', '\xa0', '\xa0', '\xa0']"
2017,M. Bourez,Outerknown Fiji Pro,Round 4,"['5.83', '4.50', '3.63', '9.00', '6.73']"
2017,L. Fioravanti,Outerknown Fiji Pro,Round 4,"['6.50', '1.57', '1.00', '3.20', '4.27']"
2017,I. Ferreira,Outerknown Fiji Pro,Round 4,"['3.83', '0.57', '4.67', '0.43', '0.30']"
2017,C. O'Leary,Outerknown Fiji Pro,Round 4,"['7.33', '1.00', '2.33', '6.33', '6.00', '5.90', '\xa0']"
2017,J. Duru,Outerknown Fiji Pro,Round 4,"['5.50', '5.03', '0.50', '0.57', '1.57', '8.00', '3.43']"
2017,J. Parkinson,Outerknown Fiji Pro,Round 4,"['5.83', '5.00', '1.23', '\xa0', '\xa0', '\xa0', '\xa0']"
2017,B. Durbidge,Outerknown Fiji Pro,Round 4,"['6.50', '1.50', '0.27', '4.60', '0.20']"
2017,S. Kennedy,Outerknown Fiji Pro,Round 4,"['2.27', '3.27', '\xa0', '\xa0', '\xa0']"
2017,S. Zietz,Outerknown Fiji Pro,Round 4,"['4.67', '\xa0', '\xa0', '\xa0', '\xa0']"
2017,J. Wilson,Outerknown Fiji Pro,Round 5,"['4.17', '0.70', '9.17', '1.17']"
2017,I. Ferreira,Outerknown Fiji Pro,Round 5,"['1.00', '5.67', '0.67', '1.67']"
2017,L. Fioravanti,Outerknown Fiji Pro,Round 5,"['1.83', '6.00', '2.47', '0.30', '2.67', '8.83']"
2017,I. Gouveia,Outerknown Fiji Pro,Round 5,"['4.83', '0.33', '3.00', '2.67', '6.50', '\xa0']"
2017,J. Duru,Outerknown Fiji Pro,Round 5,"['1.77', '7.00', '8.50', '8.83', '6.03', '\xa0']"
2017,S. Zietz,Outerknown Fiji Pro,Round 5,"['1.77', '5.33', '7.17', '2.20', '3.20', '0.87']"
2017,J. Parkinson,Outerknown Fiji Pro,Round 5,"['4.83', '4.83', '3.67', '5.67', '6.90', '\xa0']"
2017,S. Kennedy,Outerknown Fiji Pro,Round 5,"['1.50', '0.77', '6.33', '1.27', '6.03', '1.00']"
2017,M. Wilkinson,Outerknown Fiji Pro,Quarterfinals,"['8.33', '8.67', '8.23', '\xa0', '\xa0']"
2017,J. Wilson,Outerknown Fiji Pro,Quarterfinals,"['6.67', '5.50', '8.50', '7.80', '0.50']"
2017,M. Bourez,Outerknown Fiji Pro,Quarterfinals,"['2.00', '1.43', '8.50', '8.63', '9.17', '0.33', '\xa0', '\xa0', '\xa0']"
2017,L. Fioravanti,Outerknown Fiji Pro,Quarterfinals,"['1.13', '8.57', '1.93', '5.00', '0.10', '0.13', '1.07', '0.30', '3.77']"
2017,C. O'Leary,Outerknown Fiji Pro,Quarterfinals,"['6.33', '4.83', '0.50', '1.57', '2.87', '1.17']"
2017,J. Duru,Outerknown Fiji Pro,Quarterfinals,"['1.10', '1.50', '7.77', '2.93', '\xa0', '\xa0']"
2017,J. Parkinson,Outerknown Fiji Pro,Quarterfinals,"['6.67', '4.00', '4.83', '1.57', '6.23', '0.50', '7.00']"
2017,B. Durbidge,Outerknown Fiji Pro,Quarterfinals,"['3.17', '1.67', '1.53', '1.73', '5.33', '5.90', '2.40']"
2017,M. Wilkinson,Outerknown Fiji Pro,Semifinals,"['1.50', '2.00', '0.93', '8.33', '3.17', '1.60', '5.90']"
2017,M. Bourez,Outerknown Fiji Pro,Semifinals,"['4.83', '4.00', '6.50', '6.10', '7.50', '\xa0', '\xa0']"
2017,C. O'Leary,Outerknown Fiji Pro,Semifinals,"['1.00', '7.40', '8.00', '6.93', '\xa0']"
2017,J. Parkinson,Outerknown Fiji Pro,Semifinals,"['6.83', '0.23', '1.53', '1.27', '0.57']"
2017,M. Wilkinson,Outerknown Fiji Pro,Finals,"['4.00', '0.50', '8.57', '6.93', '1.10', '0.73', '6.13', '8.03']"
2017,C. O'Leary,Outerknown Fiji Pro,Finals,"['8.33', '6.50', '5.83', '1.07', '7.37', '7.17', '\xa0', '\xa0']"
2017,J. Parkinson,Corona Open J-Bay,Round 1,"['0.93', '6.00', '8.23', '\xa0', '\xa0']"
2017,W. Dantas,Corona Open J-Bay,Round 1,"['6.00', '7.60', '0.67', '5.00', '\xa0']"
2017,M. Pupo,Corona Open J-Bay,Round 1,"['1.50', '3.33', '7.00', '1.57', '2.70']"
2017,B. Durbidge,Corona Open J-Bay,Round 1,"['0.63', '6.17', '7.67', '3.00', '0.43', '\xa0']"
2017,O. Wright,Corona Open J-Bay,Round 1,"['1.07', '3.33', '7.83', '\xa0', '\xa0', '\xa0']"
2017,J. Kerr,Corona Open J-Bay,Round 1,"['1.87', '3.83', '1.00', '0.43', '9.00', '1.27 1']"
2017,A. de Souza,Corona Open J-Bay,Round 1,"['7.33', '2.00', '4.20', '6.50', '\xa0', '\xa0']"
2017,F. Morais,Corona Open J-Bay,Round 1,"['3.00', '0.57', '5.50', '5.77', '7.93', '5.80']"
2017,J. Andre,Corona Open J-Bay,Round 1,"['4.67', '4.57', '0.20', '5.67', '5.57', '6.90']"
2017,J. Flores,Corona Open J-Bay,Round 1,"['4.00', '0.83', '0.73', '7.83', '9.17']"
2017,M. Wilkinson,Corona Open J-Bay,Round 1,"['5.77', '1.93', '4.10', '6.50', '\xa0']"
2017,E. Ewing,Corona Open J-Bay,Round 1,"['5.33', '4.60', '0.93', '0.67', '\xa0']"
2017,C. Coffin,Corona Open J-Bay,Round 1,"['7.67', '9.37', '0.80', '\xa0', '\xa0']"
2017,J. Smith,Corona Open J-Bay,Round 1,"['2.50', '8.33', '0.93', '0.77', '6.43']"
2017,M. February,Corona Open J-Bay,Round 1,"['6.00', '6.33', '6.07', '\xa0', '\xa0']"
2017,J. Florence,Corona Open J-Bay,Round 1,"['7.50', '9.70', '9.67', '9.20', '\xa0', '\xa0']"
2017,D. Staples,Corona Open J-Bay,Round 1,"['6.67', '1.00', '7.90', '8.13', '\xa0', '\xa0']"
2017,I. Gouveia,Corona Open J-Bay,Round 1,"['5.50', '3.33', '0.20', '2.60', '2.60', '7.57']"
2017,I. Ferreira,Corona Open J-Bay,Round 1,"['8.00', '6.33', '7.27', '1.00']"
2017,L. Fioravanti,Corona Open J-Bay,Round 1,"['5.17', '6.07', '\xa0', '\xa0']"
2017,K. Andino,Corona Open J-Bay,Round 1,"['3.33', '4.50', '2.77', '\xa0']"
2017,K. Slater,Corona Open J-Bay,Round 1,"['9.10', '7.00', '1.00', '0.70', '7.17']"
2017,J. Wilson,Corona Open J-Bay,Round 1,"['0.50', '7.17', '0.57', '2.00', '8.67']"
2017,K. Igarashi,Corona Open J-Bay,Round 1,"['3.67', '5.10', '0.37', '\xa0', '\xa0']"
2017,J. Freestone,Corona Open J-Bay,Round 1,"['0.87', '0.50', '1.00', '6.57', '7.17', '8.83']"
2017,A. Buchan,Corona Open J-Bay,Round 1,"['6.33', '0.20', '3.23', '5.10', '7.33', '\xa0']"
2017,C. O'Leary,Corona Open J-Bay,Round 1,"['5.00', '2.50', '1.50', '4.90', '0.77', '6.00']"
2017,G. Medina,Corona Open J-Bay,Round 1,"['1.77', '8.90', '7.23', '9.93', '0.37', '2.60']"
2017,S. Kennedy,Corona Open J-Bay,Round 1,"['7.00', '6.60', '7.77', '3.00', '4.00', '\xa0']"
2017,C. Ibelli,Corona Open J-Bay,Round 1,"['1.93', '5.67', '3.00', '2.23', '3.50', '\xa0']"
2017,M. Fanning,Corona Open J-Bay,Round 1,"['8.50', '1.80', '8.73', '0.87', '2.90', '2.80']"
2017,S. Zietz,Corona Open J-Bay,Round 1,"['2.10', '6.50', '3.00', '1.73', '2.70', '3.33']"
2017,J. Duru,Corona Open J-Bay,Round 1,"['1.00', '5.17', '\xa0', '\xa0', '\xa0', '\xa0']"
2017,M. Bourez,Corona Open J-Bay,Round 1,"['7.67', '9.00', '7.37', '\xa0', '\xa0', '\xa0']"
2017,F. Toledo,Corona Open J-Bay,Round 1,"['0.30', '4.33', '9.50', '0.57', '0.23', '5.67']"
2017,E. Lau,Corona Open J-Bay,Round 1,"['8.10', '2.50', '0.37', '\xa0', '\xa0', '\xa0']"
2017,J. Smith,Corona Open J-Bay,Round 2,"['4.67', '6.00', '1.93', '2.00']"
2017,D. Staples,Corona Open J-Bay,Round 2,"['6.50', '2.70', '1.57', '3.77']"
2017,M. Wilkinson,Corona Open J-Bay,Round 2,"['6.17', '6.93', '0.33', '\xa0']"
2017,M. February,Corona Open J-Bay,Round 2,"['7.00', '3.00', '4.67', '0.37']"
2017,O. Wright,Corona Open J-Bay,Round 2,"['4.50', '5.67', '2.17', '6.67']"
2017,E. Ewing,Corona Open J-Bay,Round 2,"['1.83', '7.33', '3.77', '\xa0']"
2017,J. Andre,Corona Open J-Bay,Round 2,"['2.33', '1.60', '6.33', '4.83', '7.83', '1.00', '7.97']"
2017,K. Andino,Corona Open J-Bay,Round 2,"['0.50', '6.17', '5.90', '0.33', '5.50', '7.03', '\xa0']"
2017,J. Wilson,Corona Open J-Bay,Round 2,"['1.50', '7.67', '6.00', '6.60', '0.70', '1.23', '2.67']"
2017,J. Kerr,Corona Open J-Bay,Round 2,"['1.07', '1.73', '6.93', '0.43', '5.60', '4.77', '0.37']"
2017,C. O'Leary,Corona Open J-Bay,Round 2,"['7.33', '4.50', '3.67', '6.07', '5.70', '\xa0', '\xa0', '\xa0']"
2017,M. Pupo,Corona Open J-Bay,Round 2,"['4.00', '1.70', '1.40', '5.33', '1.93', '0.20', '6.07', '7.03']"
2017,L. Fioravanti,Corona Open J-Bay,Round 2,"['8.50', '8.13', '6.33', '0.23', '4.83', '\xa0', '\xa0']"
2017,S. Zietz,Corona Open J-Bay,Round 2,"['9.83', '4.50', '0.87', '5.93', '5.27', '1.83', '1.00']"
2017,F. Toledo,Corona Open J-Bay,Round 2,"['4.33', '0.30', '9.63', '2.17', '10.00', '4.63', '7.67', '\xa0']"
2017,K. Igarashi,Corona Open J-Bay,Round 2,"['3.67', '5.50', '0.50', '3.53', '0.27', '7.33', '2.93', '2.87']"
2017,C. Ibelli,Corona Open J-Bay,Round 2,"['8.50', '7.93', '6.83', '2.23', '6.43', '1.43', '1.57']"
2017,S. Kennedy,Corona Open J-Bay,Round 2,"['6.00', '5.17', '0.50', '2.67', '8.23', '6.57', '\xa0']"
2017,J. Duru,Corona Open J-Bay,Round 2,"['0.50', '6.87', '9.00', '2.33', '3.43', '5.67', '\xa0', '\xa0']"
2017,A. Buchan,Corona Open J-Bay,Round 2,"['3.50', '6.50', '7.00', '2.83', '7.00', '2.33', '2.33', '3.97']"
2017,E. Lau,Corona Open J-Bay,Round 2,"['8.43', '8.03', '3.83', '8.60']"
2017,W. Dantas,Corona Open J-Bay,Round 2,"['8.00', '8.37', '7.70', '3.00']"
2017,F. Morais,Corona Open J-Bay,Round 2,"['5.50', '7.17', '8.00', '6.17', '7.73', '\xa0', '\xa0']"
2017,I. Gouveia,Corona Open J-Bay,Round 2,"['6.00', '0.37', '7.00', '4.77', '7.00', '3.60', '2.00']"
2017,J. Duru,Corona Open J-Bay,Round 3,"['7.67', '7.83', '0.93', '3.00', '0.23']"
2017,A. de Souza,Corona Open J-Bay,Round 3,"['6.83', '5.33', '0.43', '2.73', '7.57']"
2017,G. Medina,Corona Open J-Bay,Round 3,"['5.40', '8.00', '2.40', '2.57', '7.83']"
2017,B. Durbidge,Corona Open J-Bay,Round 3,"['5.00', '1.90', '6.67', '5.27', '5.90']"
2017,O. Wright,Corona Open J-Bay,Round 3,"['1.73', '9.00', '7.83', '5.93', '\xa0']"
2017,E. Lau,Corona Open J-Bay,Round 3,"['2.67', '6.50', '0.37', '3.17', '0.20']"
2017,F. Morais,Corona Open J-Bay,Round 3,"['6.67', '6.03', '6.40', '2.60']"
2017,C. O'Leary,Corona Open J-Bay,Round 3,"['7.33', '4.83', '1.50', '\xa0']"
2017,M. Fanning,Corona Open J-Bay,Round 3,"['7.77', '3.67', '6.47', '2.93', '0.30', '4.30', '3.67']"
2017,C. Ibelli,Corona Open J-Bay,Round 3,"['6.50', '6.17', '0.50', '2.00', '0.37', '4.57', '2.60']"
2017,J. Florence,Corona Open J-Bay,Round 3,"['9.17', '7.67', '0.50', '7.33', '1.10', '9.10']"
2017,J. Andre,Corona Open J-Bay,Round 3,"['1.50', '3.00', '3.23', '4.67', '5.27', '2.40']"
2017,J. Smith,Corona Open J-Bay,Round 3,"['6.50', '8.50', '8.60', '10.00', '10.00', '\xa0']"
2017,L. Fioravanti,Corona Open J-Bay,Round 3,"['1.50', '3.83', '7.67', '8.50', '4.83', '3.17']"
2017,F. Toledo,Corona Open J-Bay,Round 3,[]
2017,K. Slater,Corona Open J-Bay,Round 3,[]
2017,J. Wilson,Corona Open J-Bay,Round 3,"['1.50', '8.27', '7.30', '10.00', '0.50', '5.00']"
2017,J. Flores,Corona Open J-Bay,Round 3,"['8.00', '6.50', '7.30', '\xa0', '\xa0', '\xa0']"
2017,C. Coffin,Corona Open J-Bay,Round 3,"['1.50', '9.20', '9.47', '0.10', '0.90', '5.50']"
2017,J. Parkinson,Corona Open J-Bay,Round 3,"['7.83', '8.07', '1.80', '0.93', '6.67', '\xa0']"
2017,M. Bourez,Corona Open J-Bay,Round 3,"['0.87', '6.50', '2.17', '8.50', '5.83', '8.23', '3.83', '\xa0']"
2017,I. Ferreira,Corona Open J-Bay,Round 3,"['8.00', '1.30', '7.27', '1.07', '6.83', '7.73', '7.43', '8.07']"
2017,M. Wilkinson,Corona Open J-Bay,Round 3,"['8.87', '1.83', '6.17', '0.37', '7.67', '1.00', '4.60', '\xa0']"
2017,J. Freestone,Corona Open J-Bay,Round 3,"['3.33', '3.77', '1.70', '4.50', '7.97', '5.50', '5.00', '1.07']"
2017,G. Medina,Corona Open J-Bay,Round 4,"['7.33', '4.17', '9.07', '9.67', '\xa0', '\xa0', '\xa0']"
2017,J. Duru,Corona Open J-Bay,Round 4,"['5.83', '2.17', '2.37', '7.50', '2.67', '8.57', '\xa0']"
2017,O. Wright,Corona Open J-Bay,Round 4,"['3.17', '5.10', '4.60', '8.00', '0.63', '1.67', '4.37']"
2017,F. Morais,Corona Open J-Bay,Round 4,"['9.60', '9.47', '4.43', '\xa0', '\xa0', '\xa0', '\xa0']"
2017,J. Florence,Corona Open J-Bay,Round 4,"['7.17', '10.00', '6.00', '4.90', '\xa0', '\xa0', '\xa0']"
2017,M. Fanning,Corona Open J-Bay,Round 4,"['2.33', '5.17', '0.30', '9.73', '4.00', '4.83', '1.87']"
2017,F. Toledo,Corona Open J-Bay,Round 4,"['5.60', '9.00', '10.00', '8.90', '0.50', '\xa0', '\xa0', '\xa0', '\xa0']"
2017,J. Smith,Corona Open J-Bay,Round 4,"['4.00', '7.83', '9.00', '0.50', '8.40', '\xa0', '\xa0', '\xa0', '\xa0']"
2017,J. Wilson,Corona Open J-Bay,Round 4,"['4.83', '2.33', '6.50', '2.27', '7.00', '1.00', '4.93', '4.57', '1.50']"
2017,M. Wilkinson,Corona Open J-Bay,Round 4,"['1.67', '0.50', '6.33', '8.50', '9.43']"
2017,M. Bourez,Corona Open J-Bay,Round 4,"['1.73', '3.50', '7.00', '4.60', '8.33']"
2017,C. Coffin,Corona Open J-Bay,Round 4,"['3.17', '6.17', '6.63', '8.57', '3.50']"
2017,M. Fanning,Corona Open J-Bay,Round 5,"['6.33', '9.80', '7.00', '\xa0', '\xa0']"
2017,J. Duru,Corona Open J-Bay,Round 5,"['5.17', '7.50', '2.17', '7.77', '4.17']"
2017,J. Florence,Corona Open J-Bay,Round 5,"['7.83', '8.67', '1.23', '4.17', '1.83', '\xa0']"
2017,O. Wright,Corona Open J-Bay,Round 5,"['6.17', '3.83', '2.00', '6.23', '1.70', '8.27']"
2017,J. Smith,Corona Open J-Bay,Round 5,"['9.37', '10.00', '4.83', '2.17']"
2017,C. Coffin,Corona Open J-Bay,Round 5,"['8.67', '7.33', '9.07', '4.43']"
2017,J. Wilson,Corona Open J-Bay,Round 5,"['8.17', '7.77', '0.50', '1.93', '6.50', '\xa0', '\xa0']"
2017,M. Bourez,Corona Open J-Bay,Round 5,"['2.17', '3.33', '1.60', '1.00', '5.50', '3.33', '2.67']"
2017,G. Medina,Corona Open J-Bay,Quarterfinals,"['7.17', '2.67', '8.50', '8.90', '0.43', '3.50']"
2017,M. Fanning,Corona Open J-Bay,Quarterfinals,"['5.17', '5.83', '5.50', '2.40', '\xa0', '\xa0']"
